# Identify: MTQ3OTg3MzExMywxLjAsYWxsLDEsMQ==
#
# Discuz! 数据备份(Discuz! Data Dump Volume 1)
# 版本: Discuz! 1.0
# 备份时间: 2016-11-23 24
# 备份方式: 全部备份
# 数据库前缀: cdb_
#
# 官方网站: http://www.Discuz.net
# 请随时访问以上地址以获得最新的软件升级信息
# --------------------------------------------------------


DROP TABLE IF EXISTS cdb_announcements;
CREATE TABLE cdb_announcements (
	id smallint(6) unsigned NOT NULL auto_increment,
	author varchar(25) NOT NULL,
	subject varchar(250) NOT NULL,
	starttime int(10) unsigned NOT NULL,
	endtime int(10) unsigned NOT NULL,
	message text NOT NULL,
	PRIMARY KEY (id)
);

INSERT INTO cdb_announcements VALUES('1','admin','版主生日','1478275200','1480867200','Discuz!NT_百度百科\r\n2012年9月3日 - Discuz!NT自设计之初就考虑到了众多站长的需求,虚拟主机站长也可使用的伪Url地址,后台内置SEO选项,帮助站长提高搜索引擎友好性;编辑器支持自动保存,防...\r\nbaike.baidu.com/link?u...  - 百度快照 - 评价\r\ndiscuz x2.5_百度百科\r\n2014年6月11日 - 概述Crossday Discuz! Board(简称 Discuz!)是康盛创想(北京)科技有限公司推出的一套通用的社区论坛软件系统,自2001年6月面世以来,Discuz!已拥有五年以...\r\nbaike.baidu.com/link?u...  - 百度快照 - 评价');
INSERT INTO cdb_announcements VALUES('2','admin','test 公告','1479657600','1480003200','sfafd\r\nadsfasd\r\nasdfas');

DROP TABLE IF EXISTS cdb_attachments;
CREATE TABLE cdb_attachments (
	aid mediumint(8) unsigned NOT NULL auto_increment,
	tid mediumint(8) unsigned NOT NULL,
	pid int(10) unsigned NOT NULL,
	creditsrequire smallint(6) unsigned NOT NULL,
	filename varchar(255) NOT NULL,
	filetype varchar(50) NOT NULL,
	filesize int(12) unsigned NOT NULL,
	attachment varchar(255) NOT NULL,
	downloads smallint(6) NOT NULL,
	PRIMARY KEY (aid)
);

INSERT INTO cdb_attachments VALUES('4','15','28','0','ios_development-3.cer','application/x-x509-ca-cert','1434','iD1K_ios_development-3.cer','0');

DROP TABLE IF EXISTS cdb_banned;
CREATE TABLE cdb_banned (
	id smallint(6) unsigned NOT NULL auto_increment,
	ip1 smallint(3) NOT NULL,
	ip2 smallint(3) NOT NULL,
	ip3 smallint(3) NOT NULL,
	ip4 smallint(3) NOT NULL,
	admin varchar(25) NOT NULL,
	dateline int(10) unsigned NOT NULL,
	PRIMARY KEY (id),
	KEY ip1 (ip1),
	KEY ip2 (ip2),
	KEY ip3 (ip3),
	KEY ip4 (ip1)
);

INSERT INTO cdb_banned VALUES('1','192','168','191','3','admin','1478337220');
INSERT INTO cdb_banned VALUES('2','1','1','1','1','admin','1478337234');

DROP TABLE IF EXISTS cdb_buddys;
CREATE TABLE cdb_buddys (
	username varchar(25) NOT NULL,
	buddyname varchar(25) NOT NULL
);

INSERT INTO cdb_buddys VALUES('zyh','zyh');
INSERT INTO cdb_buddys VALUES('zyh','admin');
INSERT INTO cdb_buddys VALUES('admin','zeng');
INSERT INTO cdb_buddys VALUES('zeng','admin');

DROP TABLE IF EXISTS cdb_caches;
CREATE TABLE cdb_caches (
	cachename varchar(20) NOT NULL,
	cachevars text NOT NULL,
	KEY cachename (cachename)
);

INSERT INTO cdb_caches VALUES('settings','a:43:{s:6:\"bbname\";s:12:\"勇华论坛\";s:9:\"regstatus\";s:1:\"1\";s:8:\"bbclosed\";s:1:\"0\";s:12:\"closedreason\";s:12:\"没有关闭\";s:8:\"sitename\";s:10:\"hua 论坛\";s:7:\"siteurl\";s:20:\"http://www.yxee.com/\";s:5:\"theme\";s:12:\"标准界面\";s:11:\"credittitle\";s:3:\"币\";s:10:\"creditunit\";s:0:\"\";s:10:\"moddisplay\";s:4:\"flat\";s:9:\"floodctrl\";s:2:\"15\";s:9:\"karmactrl\";s:3:\"300\";s:8:\"hottopic\";s:2:\"10\";s:12:\"topicperpage\";s:2:\"20\";s:11:\"postperpage\";s:2:\"10\";s:13:\"memberperpage\";s:2:\"25\";s:11:\"maxpostsize\";s:5:\"10000\";s:13:\"maxavatarsize\";s:3:\"255\";s:6:\"smcols\";s:1:\"3\";s:16:\"whosonlinestatus\";s:1:\"1\";s:14:\"vtonlinestatus\";s:1:\"1\";s:6:\"chcode\";s:1:\"1\";s:12:\"gzipcompress\";s:1:\"1\";s:11:\"postcredits\";s:1:\"1\";s:13:\"digistcredits\";s:2:\"10\";s:11:\"hideprivate\";s:1:\"1\";s:10:\"emailcheck\";s:1:\"1\";s:8:\"fastpost\";s:1:\"1\";s:13:\"memliststatus\";s:1:\"1\";s:10:\"statstatus\";s:1:\"1\";s:5:\"debug\";s:1:\"1\";s:10:\"reportpost\";s:1:\"1\";s:8:\"bbinsert\";s:1:\"1\";s:12:\"smileyinsert\";s:1:\"1\";s:8:\"editedby\";s:1:\"1\";s:10:\"dotfolders\";s:1:\"1\";s:13:\"attachimgpost\";s:1:\"1\";s:10:\"timeformat\";s:3:\"H:i\";s:10:\"dateformat\";s:5:\"Y-n-j\";s:10:\"timeoffset\";s:1:\"8\";s:7:\"version\";s:3:\"1.0\";s:12:\"onlinerecord\";s:12:\"4	1478337684\";s:10:\"lastmember\";s:3:\"hua\";}');
INSERT INTO cdb_caches VALUES('usergroups','a:18:{i:0;a:10:{s:14:\"specifiedusers\";s:0:\"\";s:6:\"status\";s:15:\"论坛管理员\";s:10:\"grouptitle\";s:15:\"论坛管理员\";s:13:\"creditshigher\";s:1:\"0\";s:12:\"creditslower\";s:1:\"0\";s:5:\"stars\";s:1:\"9\";s:11:\"groupavatar\";s:0:\"\";s:11:\"allowavatar\";s:1:\"2\";s:14:\"allowsigbbcode\";s:1:\"1\";s:15:\"allowsigimgcode\";s:1:\"1\";}i:1;a:10:{s:14:\"specifiedusers\";s:0:\"\";s:6:\"status\";s:12:\"超级版主\";s:10:\"grouptitle\";s:12:\"超级版主\";s:13:\"creditshigher\";s:1:\"0\";s:12:\"creditslower\";s:1:\"0\";s:5:\"stars\";s:1:\"8\";s:11:\"groupavatar\";s:0:\"\";s:11:\"allowavatar\";s:1:\"2\";s:14:\"allowsigbbcode\";s:1:\"1\";s:15:\"allowsigimgcode\";s:1:\"1\";}i:2;a:10:{s:14:\"specifiedusers\";s:0:\"\";s:6:\"status\";s:6:\"版主\";s:10:\"grouptitle\";s:6:\"版主\";s:13:\"creditshigher\";s:1:\"0\";s:12:\"creditslower\";s:1:\"0\";s:5:\"stars\";s:1:\"7\";s:11:\"groupavatar\";s:0:\"\";s:11:\"allowavatar\";s:1:\"2\";s:14:\"allowsigbbcode\";s:1:\"1\";s:15:\"allowsigimgcode\";s:1:\"1\";}i:3;a:10:{s:14:\"specifiedusers\";s:0:\"\";s:6:\"status\";s:12:\"等待验证\";s:10:\"grouptitle\";s:18:\"等待验证会员\";s:13:\"creditshigher\";s:1:\"0\";s:12:\"creditslower\";s:1:\"0\";s:5:\"stars\";s:1:\"0\";s:11:\"groupavatar\";s:0:\"\";s:11:\"allowavatar\";s:1:\"0\";s:14:\"allowsigbbcode\";s:1:\"1\";s:15:\"allowsigimgcode\";s:1:\"0\";}i:4;a:10:{s:14:\"specifiedusers\";s:0:\"\";s:6:\"status\";s:6:\"游客\";s:10:\"grouptitle\";s:6:\"游客\";s:13:\"creditshigher\";s:1:\"0\";s:12:\"creditslower\";s:1:\"0\";s:5:\"stars\";s:1:\"0\";s:11:\"groupavatar\";s:0:\"\";s:11:\"allowavatar\";s:1:\"0\";s:14:\"allowsigbbcode\";s:1:\"0\";s:15:\"allowsigimgcode\";s:1:\"0\";}i:5;a:10:{s:14:\"specifiedusers\";s:0:\"\";s:6:\"status\";s:12:\"禁止访问\";s:10:\"grouptitle\";s:21:\"用户被禁止访问\";s:13:\"creditshigher\";s:1:\"0\";s:12:\"creditslower\";s:1:\"0\";s:5:\"stars\";s:1:\"0\";s:11:\"groupavatar\";s:0:\"\";s:11:\"allowavatar\";s:1:\"0\";s:14:\"allowsigbbcode\";s:1:\"0\";s:15:\"allowsigimgcode\";s:1:\"0\";}i:6;a:10:{s:14:\"specifiedusers\";s:0:\"\";s:6:\"status\";s:8:\"禁止IP\";s:10:\"grouptitle\";s:17:\"用户IP被禁止\";s:13:\"creditshigher\";s:1:\"0\";s:12:\"creditslower\";s:1:\"0\";s:5:\"stars\";s:1:\"0\";s:11:\"groupavatar\";s:0:\"\";s:11:\"allowavatar\";s:1:\"0\";s:14:\"allowsigbbcode\";s:1:\"0\";s:15:\"allowsigimgcode\";s:1:\"0\";}i:7;a:10:{s:14:\"specifiedusers\";s:0:\"\";s:6:\"status\";s:12:\"禁止发言\";s:10:\"grouptitle\";s:21:\"用户被禁止发言\";s:13:\"creditshigher\";s:1:\"0\";s:12:\"creditslower\";s:1:\"0\";s:5:\"stars\";s:1:\"0\";s:11:\"groupavatar\";s:0:\"\";s:11:\"allowavatar\";s:1:\"0\";s:14:\"allowsigbbcode\";s:1:\"0\";s:15:\"allowsigimgcode\";s:1:\"0\";}i:8;a:10:{s:14:\"specifiedusers\";s:0:\"\";s:6:\"status\";s:12:\"正式会员\";s:10:\"grouptitle\";s:12:\"社区乞丐\";s:13:\"creditshigher\";s:8:\"-9999999\";s:12:\"creditslower\";s:1:\"0\";s:5:\"stars\";s:1:\"0\";s:11:\"groupavatar\";s:0:\"\";s:11:\"allowavatar\";s:1:\"0\";s:14:\"allowsigbbcode\";s:1:\"1\";s:15:\"allowsigimgcode\";s:1:\"0\";}i:9;a:10:{s:14:\"specifiedusers\";s:10:\"	zyh	zeng	\";s:6:\"status\";s:12:\"正式会员\";s:10:\"grouptitle\";s:9:\"发布员\";s:13:\"creditshigher\";s:1:\"0\";s:12:\"creditslower\";s:1:\"0\";s:5:\"stars\";s:1:\"0\";s:11:\"groupavatar\";s:0:\"\";s:11:\"allowavatar\";s:1:\"2\";s:14:\"allowsigbbcode\";s:1:\"1\";s:15:\"allowsigimgcode\";s:1:\"1\";}i:10;a:10:{s:14:\"specifiedusers\";s:0:\"\";s:6:\"status\";s:12:\"正式会员\";s:10:\"grouptitle\";s:12:\"新手上路\";s:13:\"creditshigher\";s:1:\"0\";s:12:\"creditslower\";s:2:\"10\";s:5:\"stars\";s:1:\"1\";s:11:\"groupavatar\";s:0:\"\";s:11:\"allowavatar\";s:1:\"0\";s:14:\"allowsigbbcode\";s:1:\"1\";s:15:\"allowsigimgcode\";s:1:\"0\";}i:11;a:10:{s:14:\"specifiedusers\";s:0:\"\";s:6:\"status\";s:12:\"正式会员\";s:10:\"grouptitle\";s:12:\"初级会员\";s:13:\"creditshigher\";s:2:\"10\";s:12:\"creditslower\";s:2:\"50\";s:5:\"stars\";s:1:\"2\";s:11:\"groupavatar\";s:0:\"\";s:11:\"allowavatar\";s:1:\"1\";s:14:\"allowsigbbcode\";s:1:\"1\";s:15:\"allowsigimgcode\";s:1:\"0\";}i:12;a:10:{s:14:\"specifiedusers\";s:0:\"\";s:6:\"status\";s:12:\"正式会员\";s:10:\"grouptitle\";s:12:\"高级会员\";s:13:\"creditshigher\";s:2:\"50\";s:12:\"creditslower\";s:3:\"150\";s:5:\"stars\";s:1:\"3\";s:11:\"groupavatar\";s:0:\"\";s:11:\"allowavatar\";s:1:\"2\";s:14:\"allowsigbbcode\";s:1:\"1\";s:15:\"allowsigimgcode\";s:1:\"0\";}i:13;a:10:{s:14:\"specifiedusers\";s:0:\"\";s:6:\"status\";s:12:\"正式会员\";s:10:\"grouptitle\";s:12:\"支柱会员\";s:13:\"creditshigher\";s:3:\"150\";s:12:\"creditslower\";s:3:\"300\";s:5:\"stars\";s:1:\"4\";s:11:\"groupavatar\";s:0:\"\";s:11:\"allowavatar\";s:1:\"2\";s:14:\"allowsigbbcode\";s:1:\"1\";s:15:\"allowsigimgcode\";s:1:\"0\";}i:14;a:10:{s:14:\"specifiedusers\";s:0:\"\";s:6:\"status\";s:12:\"正式会员\";s:10:\"grouptitle\";s:12:\"青铜长老\";s:13:\"creditshigher\";s:3:\"300\";s:12:\"creditslower\";s:3:\"600\";s:5:\"stars\";s:1:\"5\";s:11:\"groupavatar\";s:0:\"\";s:11:\"allowavatar\";s:1:\"2\";s:14:\"allowsigbbcode\";s:1:\"1\";s:15:\"allowsigimgcode\";s:1:\"0\";}i:15;a:10:{s:14:\"specifiedusers\";s:0:\"\";s:6:\"status\";s:12:\"正式会员\";s:10:\"grouptitle\";s:12:\"黄金长老\";s:13:\"creditshigher\";s:3:\"600\";s:12:\"creditslower\";s:4:\"1000\";s:5:\"stars\";s:1:\"6\";s:11:\"groupavatar\";s:0:\"\";s:11:\"allowavatar\";s:1:\"2\";s:14:\"allowsigbbcode\";s:1:\"1\";s:15:\"allowsigimgcode\";s:1:\"0\";}i:16;a:10:{s:14:\"specifiedusers\";s:0:\"\";s:6:\"status\";s:12:\"正式会员\";s:10:\"grouptitle\";s:12:\"白金长老\";s:13:\"creditshigher\";s:4:\"1000\";s:12:\"creditslower\";s:4:\"3000\";s:5:\"stars\";s:1:\"7\";s:11:\"groupavatar\";s:0:\"\";s:11:\"allowavatar\";s:1:\"2\";s:14:\"allowsigbbcode\";s:1:\"1\";s:15:\"allowsigimgcode\";s:1:\"1\";}i:17;a:10:{s:14:\"specifiedusers\";s:0:\"\";s:6:\"status\";s:12:\"正式会员\";s:10:\"grouptitle\";s:12:\"本站元老\";s:13:\"creditshigher\";s:4:\"3000\";s:12:\"creditslower\";s:7:\"9999999\";s:5:\"stars\";s:1:\"8\";s:11:\"groupavatar\";s:0:\"\";s:11:\"allowavatar\";s:1:\"1\";s:14:\"allowsigbbcode\";s:1:\"1\";s:15:\"allowsigimgcode\";s:1:\"1\";}}');
INSERT INTO cdb_caches VALUES('announcements','a:2:{i:0;a:4:{s:2:\"id\";s:1:\"2\";s:7:\"subject\";s:11:\"test 公告\";s:9:\"starttime\";s:10:\"1479657600\";s:7:\"endtime\";s:10:\"1480003200\";}i:1;a:4:{s:2:\"id\";s:1:\"1\";s:7:\"subject\";s:12:\"版主生日\";s:9:\"starttime\";s:10:\"1478275200\";s:7:\"endtime\";s:10:\"1480867200\";}}');
INSERT INTO cdb_caches VALUES('forums','a:6:{i:2;a:4:{s:4:\"type\";s:5:\"group\";s:4:\"name\";s:12:\"编程分类\";s:3:\"fup\";s:1:\"0\";s:8:\"viewperm\";s:0:\"\";}i:3;a:4:{s:4:\"type\";s:5:\"forum\";s:4:\"name\";s:3:\"C++\";s:3:\"fup\";s:1:\"2\";s:8:\"viewperm\";s:0:\"\";}i:4;a:4:{s:4:\"type\";s:5:\"group\";s:4:\"name\";s:6:\"音乐\";s:3:\"fup\";s:1:\"0\";s:8:\"viewperm\";s:0:\"\";}i:5;a:4:{s:4:\"type\";s:5:\"forum\";s:4:\"name\";s:12:\"古典音乐\";s:3:\"fup\";s:1:\"4\";s:8:\"viewperm\";s:0:\"\";}i:6;a:4:{s:4:\"type\";s:3:\"sub\";s:4:\"name\";s:20:\"19世纪日本古典\";s:3:\"fup\";s:1:\"5\";s:8:\"viewperm\";s:0:\"\";}i:8;a:4:{s:4:\"type\";s:5:\"forum\";s:4:\"name\";s:4:\"java\";s:3:\"fup\";s:1:\"2\";s:8:\"viewperm\";s:0:\"\";}}');
INSERT INTO cdb_caches VALUES('forumlinks','a:2:{i:0;a:6:{s:2:\"id\";s:1:\"2\";s:12:\"displayorder\";s:1:\"1\";s:4:\"name\";s:12:\"测试数据\";s:3:\"url\";s:20:\"htttp//www.yxeee.com\";s:4:\"note\";s:12:\"我司地址\";s:4:\"logo\";s:24:\"images/standard/logo.gif\";}i:1;a:6:{s:2:\"id\";s:1:\"1\";s:12:\"displayorder\";s:1:\"2\";s:4:\"name\";s:19:\"爱音乐,爱动漫\";s:3:\"url\";s:21:\"http://www.Discuz.net\";s:4:\"note\";s:125:\"本站论坛程序 Discuz! 的官方站点，专门讨论 Discuz! 的使用与 Hack，提供论坛升级与技术支持等。\";s:4:\"logo\";s:15:\"images/logo.gif\";}}');
INSERT INTO cdb_caches VALUES('smilies','a:11:{i:0;a:4:{s:2:\"id\";s:1:\"1\";s:4:\"type\";s:6:\"smiley\";s:4:\"code\";s:2:\":)\";s:3:\"url\";s:9:\"smile.gif\";}i:1;a:4:{s:2:\"id\";s:1:\"2\";s:4:\"type\";s:6:\"smiley\";s:4:\"code\";s:2:\":(\";s:3:\"url\";s:7:\"sad.gif\";}i:2;a:4:{s:2:\"id\";s:1:\"3\";s:4:\"type\";s:6:\"smiley\";s:4:\"code\";s:2:\":D\";s:3:\"url\";s:11:\"biggrin.gif\";}i:3;a:4:{s:2:\"id\";s:1:\"4\";s:4:\"type\";s:6:\"smiley\";s:4:\"code\";s:2:\";)\";s:3:\"url\";s:8:\"wink.gif\";}i:4;a:4:{s:2:\"id\";s:1:\"5\";s:4:\"type\";s:6:\"smiley\";s:4:\"code\";s:6:\":cool:\";s:3:\"url\";s:8:\"cool.gif\";}i:5;a:4:{s:2:\"id\";s:1:\"6\";s:4:\"type\";s:6:\"smiley\";s:4:\"code\";s:5:\":mad:\";s:3:\"url\";s:7:\"mad.gif\";}i:6;a:4:{s:2:\"id\";s:1:\"7\";s:4:\"type\";s:6:\"smiley\";s:4:\"code\";s:2:\":o\";s:3:\"url\";s:11:\"shocked.gif\";}i:7;a:4:{s:2:\"id\";s:1:\"8\";s:4:\"type\";s:6:\"smiley\";s:4:\"code\";s:2:\":P\";s:3:\"url\";s:10:\"tongue.gif\";}i:8;a:4:{s:2:\"id\";s:1:\"9\";s:4:\"type\";s:6:\"smiley\";s:4:\"code\";s:5:\":lol:\";s:3:\"url\";s:7:\"lol.gif\";}i:9;a:4:{s:2:\"id\";s:2:\"19\";s:4:\"type\";s:6:\"smiley\";s:4:\"code\";s:6:\":load:\";s:3:\"url\";s:11:\"loading.gif\";}i:10;a:4:{s:2:\"id\";s:2:\"20\";s:4:\"type\";s:6:\"smiley\";s:4:\"code\";s:6:\":temp:\";s:3:\"url\";s:8:\"temp.jpg\";}}');
INSERT INTO cdb_caches VALUES('picons','a:10:{i:0;a:4:{s:2:\"id\";s:2:\"10\";s:4:\"type\";s:5:\"picon\";s:4:\"code\";s:0:\"\";s:3:\"url\";s:9:\"icon1.gif\";}i:1;a:4:{s:2:\"id\";s:2:\"11\";s:4:\"type\";s:5:\"picon\";s:4:\"code\";s:0:\"\";s:3:\"url\";s:9:\"icon2.gif\";}i:2;a:4:{s:2:\"id\";s:2:\"12\";s:4:\"type\";s:5:\"picon\";s:4:\"code\";s:0:\"\";s:3:\"url\";s:9:\"icon3.gif\";}i:3;a:4:{s:2:\"id\";s:2:\"13\";s:4:\"type\";s:5:\"picon\";s:4:\"code\";s:0:\"\";s:3:\"url\";s:9:\"icon4.gif\";}i:4;a:4:{s:2:\"id\";s:2:\"14\";s:4:\"type\";s:5:\"picon\";s:4:\"code\";s:0:\"\";s:3:\"url\";s:9:\"icon5.gif\";}i:5;a:4:{s:2:\"id\";s:2:\"15\";s:4:\"type\";s:5:\"picon\";s:4:\"code\";s:0:\"\";s:3:\"url\";s:9:\"icon6.gif\";}i:6;a:4:{s:2:\"id\";s:2:\"16\";s:4:\"type\";s:5:\"picon\";s:4:\"code\";s:0:\"\";s:3:\"url\";s:9:\"icon7.gif\";}i:7;a:4:{s:2:\"id\";s:2:\"17\";s:4:\"type\";s:5:\"picon\";s:4:\"code\";s:0:\"\";s:3:\"url\";s:9:\"icon8.gif\";}i:8;a:4:{s:2:\"id\";s:2:\"18\";s:4:\"type\";s:5:\"picon\";s:4:\"code\";s:0:\"\";s:3:\"url\";s:9:\"icon9.gif\";}i:9;a:4:{s:2:\"id\";s:2:\"21\";s:4:\"type\";s:5:\"picon\";s:4:\"code\";s:0:\"\";s:3:\"url\";s:11:\"loading.gif\";}}');
INSERT INTO cdb_caches VALUES('censor','a:2:{s:7:\"replace\";a:1:{i:0;s:13:\"\\1程序员\\2\";}s:4:\"find\";a:1:{i:0;s:42:\"/([^[:alpha:]]|^)测试([^[:alpha:]]|$)/is\";}}');
INSERT INTO cdb_caches VALUES('news','a:5:{i:0;a:3:{s:2:\"id\";s:1:\"1\";s:7:\"subject\";s:84:\"有疑问请光临 Discuz! 技术支持论坛，我们会尽快解决您的问题。\";s:4:\"link\";s:21:\"http://www.Discuz.net\";}i:1;a:3:{s:2:\"id\";s:1:\"2\";s:7:\"subject\";s:66:\"我们会不断完善程序，也希望得到您的继续支持。\";s:4:\"link\";s:21:\"http://www.Discuz.net\";}i:2;a:3:{s:2:\"id\";s:1:\"3\";s:7:\"subject\";s:54:\"Crossday Studio 向您问好，欢迎您选择 Discuz!\";s:4:\"link\";s:0:\"\";}i:3;a:3:{s:2:\"id\";s:1:\"4\";s:7:\"subject\";s:41:\"欢迎我们的新会员 {$lastmember}！\";s:4:\"link\";s:48:\"member.php?action=viewpro&username=$encodemember\";}i:4;a:3:{s:2:\"id\";s:1:\"6\";s:7:\"subject\";s:34:\"新动态,挤死加嬲中坚力量\";s:4:\"link\";s:20:\"http://www.baidu.com\";}}');

DROP TABLE IF EXISTS cdb_favorites;
CREATE TABLE cdb_favorites (
	tid mediumint(8) unsigned NOT NULL,
	username varchar(25) NOT NULL,
	KEY tid (tid)
);

INSERT INTO cdb_favorites VALUES('8','hua');
INSERT INTO cdb_favorites VALUES('15','zeng');

DROP TABLE IF EXISTS cdb_forumlinks;
CREATE TABLE cdb_forumlinks (
	id smallint(6) unsigned NOT NULL auto_increment,
	displayorder tinyint(3) NOT NULL,
	name varchar(100) NOT NULL,
	url varchar(100) NOT NULL,
	note varchar(200) NOT NULL,
	logo varchar(100) NOT NULL,
	PRIMARY KEY (id)
);

INSERT INTO cdb_forumlinks VALUES('1','2','爱音乐,爱动漫','http://www.Discuz.net','本站论坛程序 Discuz! 的官方站点，专门讨论 Discuz! 的使用与 Hack，提供论坛升级与技术支持等。','images/logo.gif');
INSERT INTO cdb_forumlinks VALUES('2','1','测试数据','htttp//www.yxeee.com','我司地址','images/standard/logo.gif');

DROP TABLE IF EXISTS cdb_forums;
CREATE TABLE cdb_forums (
	fid smallint(6) unsigned NOT NULL auto_increment,
	fup smallint(6) unsigned NOT NULL,
	type enum('group','forum','sub') NOT NULL default 'forum',
	icon varchar(100) NOT NULL,
	name varchar(50) NOT NULL,
	description text NOT NULL,
	status tinyint(1) NOT NULL,
	displayorder tinyint(3) NOT NULL,
	moderator tinytext NOT NULL,
	threads smallint(6) unsigned NOT NULL,
	posts mediumint(8) unsigned NOT NULL,
	lastpost varchar(130) NOT NULL,
	allowsmilies tinyint(1) NOT NULL,
	allowhtml tinyint(1) NOT NULL,
	allowbbcode tinyint(1) NOT NULL,
	allowimgcode tinyint(1) NOT NULL,
	password varchar(12) NOT NULL,
	postcredits tinyint(1) NOT NULL default '-1',
	viewperm tinytext NOT NULL,
	postperm tinytext NOT NULL,
	getattachperm tinytext NOT NULL,
	postattachperm tinytext NOT NULL,
	PRIMARY KEY (fid),
	KEY status (status)
);

INSERT INTO cdb_forums VALUES('2','0','group','','编程分类','','1','0','','0','0','','0','0','0','0','','-1','','','','');
INSERT INTO cdb_forums VALUES('3','2','forum','','C++','<h> <a href=\"www.baidu.com\">你好absdfasf</a></h>','1','0','hua','15','24','zeng	1479802740	admin','1','1','1','1','','-1','','','','');
INSERT INTO cdb_forums VALUES('4','0','group','','音乐','','1','0','','0','0','','0','0','0','0','','-1','','','','');
INSERT INTO cdb_forums VALUES('5','4','forum','images/standard/zeng.jpg','古典音乐','打造一个良好的音乐交流平台,HELLO,我来了','1','0','zyh','2','3','下载 ZIP文件	1479798559	admin','0','0','0','0','','-1','','','','');
INSERT INTO cdb_forums VALUES('6','5','sub','','19世纪日本古典','','1','0','zeng','0','0','','0','0','0','0','','-1','','','','');
INSERT INTO cdb_forums VALUES('8','2','forum','','java','','1','1','','1','2','javav	1479802777	admin','0','0','0','0','123456','-1','','','','');

DROP TABLE IF EXISTS cdb_members;
CREATE TABLE cdb_members (
	uid mediumint(8) unsigned NOT NULL auto_increment,
	username varchar(25) NOT NULL,
	password varchar(40) NOT NULL,
	gender tinyint(1) NOT NULL,
	status varchar(20) NOT NULL,
	regip varchar(20) NOT NULL,
	regdate int(10) unsigned NOT NULL,
	lastvisit int(10) unsigned NOT NULL,
	postnum smallint(6) unsigned NOT NULL,
	credit smallint(6) NOT NULL,
	charset varchar(10) NOT NULL,
	email varchar(60) NOT NULL,
	site varchar(75) NOT NULL,
	icq varchar(12) NOT NULL,
	oicq varchar(12) NOT NULL,
	yahoo varchar(40) NOT NULL,
	msn varchar(40) NOT NULL,
	location varchar(30) NOT NULL,
	bday date NOT NULL default '0000-00-00',
	bio text NOT NULL,
	avatar varchar(100) NOT NULL,
	signature text NOT NULL,
	customstatus varchar(20) NOT NULL,
	tpp tinyint(3) unsigned NOT NULL,
	ppp tinyint(3) unsigned NOT NULL,
	theme varchar(30) NOT NULL,
	dateformat varchar(10) NOT NULL,
	timeformat varchar(5) NOT NULL,
	showemail tinyint(1) NOT NULL,
	newsletter tinyint(1) NOT NULL,
	timeoffset char(3) NOT NULL,
	ignoreu2u text NOT NULL,
	newu2u tinyint(1) NOT NULL,
	pwdrecover varchar(30) NOT NULL,
	pwdrcvtime int(10) unsigned NOT NULL,
	PRIMARY KEY (uid),
	KEY username (username)
);

INSERT INTO cdb_members VALUES('1','admin','e10adc3949ba59abbe56e057f20f883e','0','论坛管理员','127.0.0.1','1478102400','1479873095','17','19','utf-8','name@domain.com','www.baidu.com','','','','','','0000-00-00','sfsdfsdfsdf','','你好,世界','将军','20','10','标准界面','Y-n-j','24','1','1','8','','0','','0');
INSERT INTO cdb_members VALUES('2','zyh','e10adc3949ba59abbe56e057f20f883e','1','版主','127.0.0.1','1478275200','1478481594','3','52','utf-8','547996854@qq.com','www.baidu.com','asdfad','sfsd','adfa','adsfas','a','0000-00-00','wo 是啥样嘿','images/avatars/20.gif','我最牛','才人','10','15','标准界面','Y/n/j','h:i A','1','1','','','1','','0');
INSERT INTO cdb_members VALUES('3','zeng','e10adc3949ba59abbe56e057f20f883e','0','版主','127.0.0.1','1478337134','1478597178','3','122','utf-8','547996854@qq.com','','','','','','','0000-00-00','','http://ww4.sinaimg.cn/large/7044f931gw1f5tq4h8zycj206y02d75o.jpg','[img]http://ww2.sinaimg.cn/large/7044f931gw1efu052fj4bj206y02dt8q.jpg[/img]','','20','10','','Y-n-j','h:i A','1','1','8','','0','','0');
INSERT INTO cdb_members VALUES('4','hua','e10adc3949ba59abbe56e057f20f883e','0','版主','127.0.0.1','1478480931','1479430395','6','6','utf-8','a@qq.com','','','','','','','0000-00-00','','http://www.tsdmw.net/img02/smilies/MIKU/39.gif','我的地盘你做主\r\n[img]http://www.tsdmw.net/img02/smilies/MIKU/39.gif[/img]\r\n[fly]我在飞 Abc[/fly]\r\n','','20','10','','Y-n-j','h:i A','1','1','8','zyh','0','','0');

DROP TABLE IF EXISTS cdb_memo;
CREATE TABLE cdb_memo (
	id int(10) unsigned NOT NULL auto_increment,
	username varchar(25) NOT NULL,
	type enum('address','notebook','collections') NOT NULL default 'address',
	dateline int(10) unsigned NOT NULL,
	var1 varchar(50) NOT NULL,
	var2 varchar(100) NOT NULL,
	var3 tinytext NOT NULL,
	PRIMARY KEY (id),
	KEY username (username),
	KEY type (type)
);

INSERT INTO cdb_memo VALUES('1','hua','address','1478485940','lisi','a@qq.com	www.sohu.com','13777608258	adfadsfadf');
INSERT INTO cdb_memo VALUES('2','hua','collections','1478485966','百度','http://baidu.com','搜索');
INSERT INTO cdb_memo VALUES('3','hua','notebook','1478485987','你邓','基地','基地');

DROP TABLE IF EXISTS cdb_news;
CREATE TABLE cdb_news (
	id smallint(6) unsigned NOT NULL auto_increment,
	subject varchar(100) NOT NULL,
	link varchar(100) NOT NULL,
	PRIMARY KEY (id)
);

INSERT INTO cdb_news VALUES('1','有疑问请光临 Discuz! 技术支持论坛，我们会尽快解决您的问题。','http://www.Discuz.net');
INSERT INTO cdb_news VALUES('2','我们会不断完善程序，也希望得到您的继续支持。','http://www.Discuz.net');
INSERT INTO cdb_news VALUES('3','Crossday Studio 向您问好，欢迎您选择 Discuz!','');
INSERT INTO cdb_news VALUES('4','欢迎我们的新会员 {$lastmember}！','member.php?action=viewpro&username=$encodemember');
INSERT INTO cdb_news VALUES('6','新动态,挤死加嬲中坚力量','http://www.baidu.com');

DROP TABLE IF EXISTS cdb_posts;
CREATE TABLE cdb_posts (
	fid smallint(6) unsigned NOT NULL,
	tid mediumint(8) unsigned NOT NULL,
	pid int(10) unsigned NOT NULL auto_increment,
	aid mediumint(8) unsigned NOT NULL,
	icon varchar(30) NOT NULL,
	author varchar(25) NOT NULL,
	subject varchar(100) NOT NULL,
	dateline int(10) unsigned NOT NULL,
	message text NOT NULL,
	useip varchar(20) NOT NULL,
	usesig tinyint(1) NOT NULL,
	bbcodeoff tinyint(1) NOT NULL,
	smileyoff tinyint(1) NOT NULL,
	parseurloff tinyint(1) NOT NULL,
	PRIMARY KEY (pid),
	KEY fid (fid),
	KEY tid (tid,dateline)
);

INSERT INTO cdb_posts VALUES('3','1','1','0','','admin','尿性','1478166458','nihao测试\r\n\r\n\r\n术有专攻可','127.0.0.1','1','0','0','0');
INSERT INTO cdb_posts VALUES('3','2','2','0','','admin','nihao','1478309702','sdfadf\r\nasdfasd','127.0.0.1','1','0','0','0');
INSERT INTO cdb_posts VALUES('3','3','3','0','','zyh','我来了','1478310205','测试','127.0.0.1','1','0','0','0');
INSERT INTO cdb_posts VALUES('3','4','4','0','icon1.gif','admin','i am java','1478335199','adfasdfadf:cool::cool::cool:','127.0.0.1','1','0','0','0');
INSERT INTO cdb_posts VALUES('8','5','5','0','','admin','javav','1478335268','adfasdf','127.0.0.1','1','0','0','0');
INSERT INTO cdb_posts VALUES('3','6','6','0','','zyh','测试','1478336209','夺李元霸[b]测试[/b][i]你说[/i][url=http://www.baidu.com]压顶地[/url]','127.0.0.1','1','0','0','0');
INSERT INTO cdb_posts VALUES('3','6','7','0','','zyh','','1478336244','[quote][i]zyh[/i] 于 2016/11/5 08:56 AM 写道：\r\n夺李元霸[b]测试[/b][i]你说[/i][url=http://www.baidu.com]压顶地[/url] [/quote]\r\nsdfdsfaffawf;);):D:mad:','127.0.0.1','1','0','0','0');
INSERT INTO cdb_posts VALUES('3','7','8','0','','admin','adf','1478339982',':load::load::temp::temp:','127.0.0.1','1','0','0','0');
INSERT INTO cdb_posts VALUES('3','8','9','0','','admin','dsdfsdf','1478340066',':load::temp::P:):P:load::temp:\n\n[ 本贴由 hua 于 2016-11-7 09:15 最后编辑 ]','127.0.0.1','1','0','0','0');
INSERT INTO cdb_posts VALUES('3','9','10','0','icon2.gif','admin','wreqwerqwe','1478483105','adfadfadfadf:lol::P','127.0.0.1','1','0','0','0');
INSERT INTO cdb_posts VALUES('3','9','11','0','','admin','','1478483166','[b]粗体文字 Abc[/b]   效果：粗体文字 Abc （粗体字）\r\n\r\n[i]斜体文字 Abc[/i]   效果：斜体文字 Abc （斜体字）\r\n\r\n[u]下划线文字 Abc[/u]   效果：下划线文字 Abc （下划线）\r\n\r\n[fly]飞行文字 Abc[/fly]   （飞行文字）   效果：飞行文字 Abc\r\n\r\n[color=red]红颜色[/color]   效果：红颜色 （改变文字颜色）\r\n\r\n[size=3]文字大小为 3[/size]   效果：文字大小为 3 （改变文字大小）\r\n\r\n[font=仿宋]字体为仿宋[/font]   效果：字体为仿宋 （改变字体）\r\n\r\n[align=Center]内容居中[/align]   （格式内容位置） 效果：\r\n内容居中\r\n\r\n[url]http://www.crossday.com[/url]   效果：http://www.crossday.com （超级连接）\r\n\r\n[url=http://www.Discuz.net]Discuz! 论坛[/url]   效果：Discuz! 论坛 （超级连接）\r\n\r\n[email]support@crossday.com[/email]   效果：support@crossday.com （E-Mail 链接）\r\n\r\n[email=support@discuz.net]Discuz! 技术支持[/email]   效果：Discuz! 技术支持 （E-Mail 链接）\r\n\r\n[quote]Discuz! Board 版权所有 - Crossday Studio[/quote]   （引用内容，类似的代码还有 [code][/code]）\r\n\r\n[hide]免费账号为：163/163[/hide]   （按回复隐藏内容，仅限版主及管理员使用）\r\n效果：只有当浏览者回复本贴时，才显示其中的内容，否则显示为“**** 隐藏信息 跟贴后才能显示 *****”\r\n\r\n[hide=20]免费账号为：163/163[/hide]   （按天使币隐藏内容，仅限版主及管理员使用）\r\n效果：只有当浏览者天使币高于 20 币时，才显示其中的内容，否则显示为“**** 隐藏信息 天使币高于 20 点才能显示 ****”\r\n\r\n[list]\r\n[*]列表项 #1\r\n[*]列表项 #2\r\n[*]列表项 #2\r\n[/list]   (列表)','127.0.0.1','1','0','0','0');
INSERT INTO cdb_posts VALUES('3','10','12','0','','admin','code','1478483459','[iframe]http://www.baidu.com[/iframe]  \r\n\r\n\r\n[img]http://www.1tong.com/uploads/wallpaper/anime/171-4-1366x768.jpg[/img]','127.0.0.1','1','0','0','0');
INSERT INTO cdb_posts VALUES('3','10','13','0','','admin','mp3','1478484725','[wmv]   http://rscc.tuxiaobei.com/mp3file/images/res/ttres/150617/22.mp3[/wmv]','127.0.0.1','1','0','0','0');
INSERT INTO cdb_posts VALUES('3','11','14','0','','hua','smile','1478485088',':) 	\r\n:( 	\r\n:D 	\r\n;) 	\r\n:cool: 	\r\n:mad: 	\r\n:o 	\r\n:P 	\r\n:lol: 	\r\n:load: 	\r\n:temp: 	\r\n\r\n[hide=20]免费账号为：163/163[/hide]','127.0.0.1','0','0','0','0');
INSERT INTO cdb_posts VALUES('3','12','15','0','icon8.gif','hua','hide','1478485153','[hide]免费账号为：163/163[/hide]','127.0.0.1','0','0','0','0');
INSERT INTO cdb_posts VALUES('3','12','16','0','','zeng','','1478485221','sdfsd','127.0.0.1','0','0','0','0');
INSERT INTO cdb_posts VALUES('3','13','17','0','','hua','test 冇柄士巴拉得棚牙','1478485726','[color=Black]adfasd[/color][color=Yellow]adfafadf[/color][size=6]66tasdfa[/size][font=黑体]adfadfsdf西大坨村[/font][b]基地[/b][i]乱夺[/i][u]工塔顶[/u]\r\n[align=center]莾压爱后 [/align][url=http://www.baidu.com]基地[/url][email=name@domain.com]a@qq.com[/email]\r\n[img]http://www.tsdmw.net/img02/smilies/MIKU/39.gif[/img]\r\n\r\n\r\n[code]sdfadf[/code]\r\n[quote]\r\nsadfasd\r\n[/quote]\r\n[list]\r\na\r\nb\r\nc\r\n[/list]\r\n:(:cool::cool:','127.0.0.1','0','0','0','0');
INSERT INTO cdb_posts VALUES('3','13','18','0','','hua','','1478485780','[quote][i]hua[/i] 于 2016-11-7 10:28 AM 写道：\r\n[color=Black]adfasd[/color][color=Yellow]adfafadf[/color][size=6]66tasdfa[/size][font=黑体]adfadfsdf西大坨村[/font][b]基地[/b][i]乱夺[/i][u]工塔顶[/u]\r\n[align=center]莾压爱后 [/ali ... [/quote]\r\n\r\n\r\n\r\n百草枯','127.0.0.1','0','0','0','0');
INSERT INTO cdb_posts VALUES('3','14','19','0','','hua','测试签名','1478486594','东奔西走','127.0.0.1','1','0','0','0');
INSERT INTO cdb_posts VALUES('3','14','20','0','','hua','你来了','1478486625','对,我来了','127.0.0.1','1','0','0','0');
INSERT INTO cdb_posts VALUES('3','15','21','0','','zeng','zeng','1478486806','dsafad','127.0.0.1','0','0','0','0');
INSERT INTO cdb_posts VALUES('3','15','22','0','','zeng','','1478486969','afasd','127.0.0.1','1','0','0','0');
INSERT INTO cdb_posts VALUES('3','16','23','0','','admin','admin','1478489612','adfasd','127.0.0.1','1','0','0','0');
INSERT INTO cdb_posts VALUES('5','17','24','0','','admin','附件','1479776126','测试:P:temp::load::o:o:load::temp:','127.0.0.1','1','0','0','0');
INSERT INTO cdb_posts VALUES('5','18','25','0','','admin','下载 ZIP文件','1479798443','标模范丈夫了','127.0.0.1','1','0','0','0');
INSERT INTO cdb_posts VALUES('5','18','26','0','','admin','','1479798559','[quote][i]admin[/i] 于 2016-11-22 24 写道：\r\n标模范丈夫了 [/quote]','127.0.0.1','1','0','0','0');
INSERT INTO cdb_posts VALUES('3','16','27','0','','admin','','1479802707','[quote][i]admin[/i] 于 2016-11-7 24 写道：\r\nadfasd [/quote]','127.0.0.1','1','0','0','0');
INSERT INTO cdb_posts VALUES('3','15','28','4','','admin','','1479802740','[quote][i]zeng[/i] 于 2016-11-7 24 写道：\r\nafasd [/quote]','127.0.0.1','1','0','0','0');
INSERT INTO cdb_posts VALUES('8','5','29','0','','admin','','1479802777','[quote][i]admin[/i] 于 2016-11-5 24 写道：\r\nadfasdf [/quote]','127.0.0.1','1','0','0','0');

DROP TABLE IF EXISTS cdb_searchindex;
CREATE TABLE cdb_searchindex (
	keywords varchar(200) NOT NULL,
	num smallint(6) NOT NULL,
	dateline int(10) unsigned NOT NULL,
	KEY dateline (dateline)
);

INSERT INTO cdb_searchindex VALUES('|admin|all|1478484878','8','1478484878');
INSERT INTO cdb_searchindex VALUES('|admin|all|1478484895','8','1478484895');

DROP TABLE IF EXISTS cdb_sessions;
CREATE TABLE cdb_sessions (
	sid varchar(32) NOT NULL,
	username varchar(25) NOT NULL,
	status varchar(20) NOT NULL,
	time int(10) unsigned NOT NULL,
	ip varchar(20) NOT NULL,
	fid smallint(6) unsigned NOT NULL,
	action varchar(60) NOT NULL,
	sessionvars text NOT NULL,
	KEY sid (sid),
	KEY fid (fid)
);

INSERT INTO cdb_sessions VALUES('d2c387b9ae79e9c97b3019786bdf1ef5','admin','论坛管理员','1479873095','127.0.0.1','0','修改论坛系统设置','a:72:{s:8:\"ipbanned\";i:0;s:7:\"cdbuser\";s:5:\"admin\";s:5:\"cdbpw\";s:32:\"e10adc3949ba59abbe56e057f20f883e\";s:3:\"uid\";s:1:\"1\";s:7:\"charset\";s:5:\"utf-8\";s:10:\"timeoffset\";s:1:\"8\";s:5:\"theme\";s:12:\"标准界面\";s:3:\"tpp\";s:2:\"20\";s:3:\"ppp\";s:2:\"10\";s:6:\"credit\";s:2:\"19\";s:10:\"timeformat\";s:2:\"24\";s:10:\"dateformat\";s:5:\"Y-n-j\";s:9:\"signature\";i:1;s:6:\"avatar\";s:0:\"\";s:9:\"lastvisit\";s:10:\"1479871496\";s:6:\"newu2u\";s:1:\"0\";s:7:\"groupid\";s:1:\"1\";s:14:\"specifiedusers\";s:0:\"\";s:6:\"status\";s:15:\"论坛管理员\";s:10:\"grouptitle\";s:15:\"论坛管理员\";s:13:\"creditshigher\";s:1:\"0\";s:12:\"creditslower\";s:1:\"0\";s:5:\"stars\";s:1:\"9\";s:11:\"groupavatar\";s:0:\"\";s:12:\"allowcstatus\";s:1:\"1\";s:11:\"allowavatar\";s:1:\"2\";s:10:\"allowvisit\";s:1:\"1\";s:9:\"allowview\";s:1:\"1\";s:9:\"allowpost\";s:1:\"1\";s:13:\"allowpostpoll\";s:1:\"1\";s:14:\"allowgetattach\";s:1:\"1\";s:15:\"allowpostattach\";s:1:\"1\";s:9:\"allowvote\";s:1:\"1\";s:11:\"allowsearch\";s:1:\"1\";s:10:\"allowkarma\";s:1:\"1\";s:16:\"allowsetviewperm\";s:1:\"1\";s:18:\"allowsetattachperm\";s:1:\"1\";s:14:\"allowsigbbcode\";s:1:\"1\";s:15:\"allowsigimgcode\";s:1:\"1\";s:14:\"allowviewstats\";s:1:\"1\";s:11:\"ismoderator\";s:1:\"1\";s:10:\"issupermod\";s:1:\"1\";s:7:\"isadmin\";s:1:\"1\";s:9:\"maxu2unum\";s:3:\"100\";s:10:\"maxmemonum\";s:3:\"100\";s:10:\"maxsigsize\";s:3:\"500\";s:12:\"maxkarmavote\";s:2:\"16\";s:13:\"maxattachsize\";s:7:\"2048000\";s:16:\"attachextensions\";s:0:\"\";s:13:\"specifieduser\";s:1:\"0\";s:7:\"themeid\";s:1:\"1\";s:9:\"themename\";s:12:\"标准界面\";s:7:\"bgcolor\";s:7:\"#FFFFFF\";s:6:\"altbg1\";s:7:\"#E3E3EA\";s:6:\"altbg2\";s:7:\"#EEEEF6\";s:4:\"link\";s:7:\"#3A4273\";s:11:\"bordercolor\";s:7:\"#000000\";s:11:\"headercolor\";s:13:\"header_bg.gif\";s:10:\"headertext\";s:7:\"#F1F3FB\";s:8:\"catcolor\";s:10:\"cat_bg.gif\";s:9:\"tabletext\";s:7:\"#464F86\";s:4:\"text\";s:7:\"#464F86\";s:11:\"borderwidth\";s:1:\"1\";s:10:\"tablewidth\";s:3:\"99%\";s:10:\"tablespace\";s:1:\"3\";s:4:\"font\";s:15:\"Tahoma, Verdana\";s:8:\"fontsize\";s:4:\"12px\";s:6:\"nobold\";s:1:\"0\";s:8:\"boardimg\";s:11:\"toplogo.jpg\";s:6:\"imgdir\";s:15:\"images/standard\";s:5:\"smdir\";s:14:\"images/smilies\";s:7:\"cattext\";s:7:\"#D9D9E9\";}');

DROP TABLE IF EXISTS cdb_settings;
CREATE TABLE cdb_settings (
	bbname varchar(50) NOT NULL,
	regstatus tinyint(1) NOT NULL,
	censoruser text NOT NULL,
	doublee tinyint(1) NOT NULL,
	emailcheck tinyint(1) NOT NULL,
	bbrules tinyint(1) NOT NULL,
	bbrulestxt text NOT NULL,
	welcommsg tinyint(1) NOT NULL,
	welcommsgtxt text NOT NULL,
	bbclosed tinyint(1) NOT NULL,
	closedreason text NOT NULL,
	sitename varchar(50) NOT NULL,
	siteurl varchar(60) NOT NULL,
	theme varchar(30) NOT NULL,
	credittitle varchar(20) NOT NULL,
	creditunit varchar(10) NOT NULL,
	moddisplay enum('flat','selectbox') NOT NULL default 'flat',
	floodctrl smallint(6) unsigned NOT NULL,
	karmactrl smallint(6) unsigned NOT NULL,
	hottopic tinyint(3) unsigned NOT NULL,
	topicperpage tinyint(3) unsigned NOT NULL,
	postperpage tinyint(3) unsigned NOT NULL,
	memberperpage tinyint(3) unsigned NOT NULL,
	maxpostsize smallint(6) unsigned NOT NULL,
	maxavatarsize tinyint(3) unsigned NOT NULL,
	smcols tinyint(3) unsigned NOT NULL,
	postcredits tinyint(3) NOT NULL,
	digistcredits tinyint(3) NOT NULL,
	whosonlinestatus tinyint(1) NOT NULL,
	vtonlinestatus tinyint(1) NOT NULL,
	chcode tinyint(1) NOT NULL,
	gzipcompress tinyint(1) NOT NULL,
	hideprivate tinyint(1) NOT NULL,
	fastpost tinyint(1) NOT NULL,
	memliststatus tinyint(1) NOT NULL,
	statstatus tinyint(1) NOT NULL,
	debug tinyint(1) NOT NULL,
	reportpost tinyint(1) NOT NULL,
	bbinsert tinyint(1) NOT NULL,
	smileyinsert tinyint(1) NOT NULL,
	editedby tinyint(1) NOT NULL,
	dotfolders tinyint(1) NOT NULL,
	attachimgpost tinyint(1) NOT NULL,
	timeformat varchar(5) NOT NULL,
	dateformat varchar(10) NOT NULL,
	timeoffset char(3) NOT NULL,
	version varchar(30) NOT NULL,
	onlinerecord varchar(30) NOT NULL,
	lastmember varchar(25) NOT NULL
);

INSERT INTO cdb_settings VALUES('勇华论坛','1','aa,bb,cc,dd','0','1','1','你必须无条件服从我的命令,才能进入论坛,你同意吗?','1','hello,欢迎进入论坛,玩得开心','0','没有关闭','hua 论坛','http://www.yxee.com/','标准界面','币','','flat','15','300','10','20','10','25','10000','255','3','1','10','1','1','1','1','1','1','1','1','1','1','1','1','1','1','1','H:i','Y-n-j','8','1.0','4	1478337684','hua');

DROP TABLE IF EXISTS cdb_smilies;
CREATE TABLE cdb_smilies (
	id smallint(6) unsigned NOT NULL auto_increment,
	type enum('smiley','picon') NOT NULL default 'smiley',
	code varchar(10) NOT NULL,
	url varchar(30) NOT NULL,
	PRIMARY KEY (id)
);

INSERT INTO cdb_smilies VALUES('1','smiley',':)','smile.gif');
INSERT INTO cdb_smilies VALUES('2','smiley',':(','sad.gif');
INSERT INTO cdb_smilies VALUES('3','smiley',':D','biggrin.gif');
INSERT INTO cdb_smilies VALUES('4','smiley',';)','wink.gif');
INSERT INTO cdb_smilies VALUES('5','smiley',':cool:','cool.gif');
INSERT INTO cdb_smilies VALUES('6','smiley',':mad:','mad.gif');
INSERT INTO cdb_smilies VALUES('7','smiley',':o','shocked.gif');
INSERT INTO cdb_smilies VALUES('8','smiley',':P','tongue.gif');
INSERT INTO cdb_smilies VALUES('9','smiley',':lol:','lol.gif');
INSERT INTO cdb_smilies VALUES('10','picon','','icon1.gif');
INSERT INTO cdb_smilies VALUES('11','picon','','icon2.gif');
INSERT INTO cdb_smilies VALUES('12','picon','','icon3.gif');
INSERT INTO cdb_smilies VALUES('13','picon','','icon4.gif');
INSERT INTO cdb_smilies VALUES('14','picon','','icon5.gif');
INSERT INTO cdb_smilies VALUES('15','picon','','icon6.gif');
INSERT INTO cdb_smilies VALUES('16','picon','','icon7.gif');
INSERT INTO cdb_smilies VALUES('17','picon','','icon8.gif');
INSERT INTO cdb_smilies VALUES('18','picon','','icon9.gif');
INSERT INTO cdb_smilies VALUES('19','smiley',':load:','loading.gif');
INSERT INTO cdb_smilies VALUES('20','smiley',':temp:','temp.jpg');
INSERT INTO cdb_smilies VALUES('21','picon','','loading.gif');

DROP TABLE IF EXISTS cdb_stats;
CREATE TABLE cdb_stats (
	type varchar(20) NOT NULL,
	var varchar(20) NOT NULL,
	count int(10) unsigned NOT NULL,
	KEY type (type),
	KEY var (var)
);

INSERT INTO cdb_stats VALUES('total','hits','507');
INSERT INTO cdb_stats VALUES('total','members','470');
INSERT INTO cdb_stats VALUES('total','guests','5');
INSERT INTO cdb_stats VALUES('os','Windows','0');
INSERT INTO cdb_stats VALUES('os','Mac','475');
INSERT INTO cdb_stats VALUES('os','Linux','0');
INSERT INTO cdb_stats VALUES('os','FreeBSD','0');
INSERT INTO cdb_stats VALUES('os','SunOS','0');
INSERT INTO cdb_stats VALUES('os','BeOS','0');
INSERT INTO cdb_stats VALUES('os','OS/2','0');
INSERT INTO cdb_stats VALUES('os','AIX','0');
INSERT INTO cdb_stats VALUES('os','Other','0');
INSERT INTO cdb_stats VALUES('browser','MSIE','0');
INSERT INTO cdb_stats VALUES('browser','Netscape','0');
INSERT INTO cdb_stats VALUES('browser','Mozilla','474');
INSERT INTO cdb_stats VALUES('browser','Lynx','0');
INSERT INTO cdb_stats VALUES('browser','Opera','0');
INSERT INTO cdb_stats VALUES('browser','Konqueror','0');
INSERT INTO cdb_stats VALUES('browser','Other','1');
INSERT INTO cdb_stats VALUES('week','0','0');
INSERT INTO cdb_stats VALUES('week','1','46');
INSERT INTO cdb_stats VALUES('week','2','178');
INSERT INTO cdb_stats VALUES('week','3','24');
INSERT INTO cdb_stats VALUES('week','4','34');
INSERT INTO cdb_stats VALUES('week','5','130');
INSERT INTO cdb_stats VALUES('week','6','95');
INSERT INTO cdb_stats VALUES('hour','00','0');
INSERT INTO cdb_stats VALUES('hour','01','0');
INSERT INTO cdb_stats VALUES('hour','02','0');
INSERT INTO cdb_stats VALUES('hour','03','0');
INSERT INTO cdb_stats VALUES('hour','04','0');
INSERT INTO cdb_stats VALUES('hour','05','0');
INSERT INTO cdb_stats VALUES('hour','06','0');
INSERT INTO cdb_stats VALUES('hour','07','0');
INSERT INTO cdb_stats VALUES('hour','08','111');
INSERT INTO cdb_stats VALUES('hour','09','94');
INSERT INTO cdb_stats VALUES('hour','10','23');
INSERT INTO cdb_stats VALUES('hour','11','82');
INSERT INTO cdb_stats VALUES('hour','12','1');
INSERT INTO cdb_stats VALUES('hour','13','0');
INSERT INTO cdb_stats VALUES('hour','14','46');
INSERT INTO cdb_stats VALUES('hour','15','41');
INSERT INTO cdb_stats VALUES('hour','16','51');
INSERT INTO cdb_stats VALUES('hour','17','58');
INSERT INTO cdb_stats VALUES('hour','18','0');
INSERT INTO cdb_stats VALUES('hour','19','0');
INSERT INTO cdb_stats VALUES('hour','20','0');
INSERT INTO cdb_stats VALUES('hour','21','0');
INSERT INTO cdb_stats VALUES('hour','22','0');
INSERT INTO cdb_stats VALUES('hour','23','0');
INSERT INTO cdb_stats VALUES('month','201611','507');

DROP TABLE IF EXISTS cdb_subscriptions;
CREATE TABLE cdb_subscriptions (
	username varchar(25) NOT NULL,
	email varchar(60) NOT NULL,
	tid mediumint(8) unsigned NOT NULL,
	lastnotify int(10) unsigned NOT NULL,
	KEY username (username),
	KEY tid (tid)
);

INSERT INTO cdb_subscriptions VALUES('admin','','15','0');
INSERT INTO cdb_subscriptions VALUES('zeng','','15','0');

DROP TABLE IF EXISTS cdb_templates;
CREATE TABLE cdb_templates (
	id smallint(6) NOT NULL auto_increment,
	name varchar(40) NOT NULL,
	modified tinyint(1) NOT NULL,
	template text NOT NULL,
	PRIMARY KEY (id)
);

INSERT INTO cdb_templates VALUES('1','header','0','<html>\n<head>\n<meta http-equiv=\\\"Content-Type\\\" content=\\\"text/html; charset=$charset\\\">\n<meta name=\\\"generator\\\" content=\\\"CDB $version with Templates 3.0 RC1\\\">\n<meta name=\\\"keywords\\\" content=\\\"$bbname,Discuz,Board,Crossday Studio,PHP,MySQL,FORUM\\\">\n<meta name=\\\"description\\\" content=\\\"$bbname - Powered by Discuz! Board $version\\\">\n<meta name=\\\"MSSmartTagsPreventParsing\\\" content=\\\"TRUE\\\">\n<meta http-equiv=\\\"MSThemeCompatible\\\" content=\\\"Yes\\\">\n$url_redirect\n\n<title>$bbname$navtitle</title>\n$css\n<script language=\\\"JavaScript\\\">\nfunction Popup(url, window_name, window_width, window_height) {settings=\\\"toolbar=no,location=no,directories=no,\\\"+\\\"status=no,menubar=no,scrollbars=yes,\\\"+\\\"resizable=yes,width=\\\"+window_width+\\\",height=\\\"+window_height;NewWindow=window.open(url,window_name,settings);}\nfunction ctlent(obj) {if((event.ctrlKey && window.event.keyCode == 13) || (event.altKey && window.event.keyCode == 83)) {if(validate(this.document.input)) {this.document.input.submit();}}}\nfunction checkall(form) {for(var i = 0;i < form.elements.length; i++) {var e = form.elements[i];if (e.name != \\\'chkall\\\') e.checked = form.chkall.checked;}}\nfunction findobj(n, d) {var p,i,x; if(!d) d=document; if((p=n.indexOf(\\\"?\\\"))>0&&parent.frames.length) {d=parent.frames[n.substring(p+1)].document; n=n.substring(0,p);} if(!(x=d[n])&&d.all) x=d.all[n]; for(i=0;!x&&i<d.forms.length;i++) x=d.forms[i][n]; for(i=0;!x&&d.layers&&i>d.layers.length;i++) x=MM_findObj(n,d.layers[i].document); return x;}\nfunction copycode(obj) {var rng = document.body.createTextRange();rng.moveToElementText(obj);rng.scrollIntoView();rng.select();rng.execCommand(\\\"Copy\\\");rng.collapse(false);}\n</script>\n\n</head>\n<body>\n\n<table cellspacing=\\\"0\\\" cellpadding=\\\"0\\\" border=\\\"0\\\" width=\\\"$tablewidth\\\" align=\\\"center\\\">\n<tr><td bgcolor=\\\"$bordercolor\\\">\n\n<table width=\\\"100%\\\" border=\\\"0\\\" cellspacing=\\\"$borderwidth\\\" cellpadding=\\\"$tablespace\\\">\n<tr><td class=\\\"header\\\"><table width=\\\"100%\\\" cellpadding=\\\"0\\\" cellspacing=\\\"0\\\">\n<tr><td class=\\\"navtd\\\"><span class=\\\"bold\\\">&raquo;</span> $welcome$reglink$loginout$searchlink$memlistlink$memolink$statslink$u2ulink$pluglink$memcplink$cplink$faqlink\n</td><td align=\\\"right\\\"><a href=\\\"$siteurl\\\"><font class=\\\"navtd\\\">返回 $sitename</font></a>\n</td></tr></table></td></tr></table></td></tr></table><br>\n\n<table border=\\\"0\\\" width=\\\"$tablewidth\\\" cellpadding=\\\"0\\\" cellspacing=\\\"0\\\" align=\\\"center\\\">\n<tr><td align=\\\"left\\\" valign=\\\"top\\\" rowspan=\\\"2\\\"><a href=\\\"index.php\\\">$boardlogo</a><br></td>\n<td align=\\\"right\\\" valign=\\\"top\\\"><font class=\\\"mediumtxt\\\">$lastvisittext<br></font></tr>\n<tr>\n<td align=\\\"right\\\" valign=\\\"bottom\\\" class=\\\"mediumtxt\\\">$header_welcome</td></tr></table>\n<br>\n\n<table cellspacing=\\\"0\\\" cellpadding=\\\"0\\\" border=\\\"0\\\" width=\\\"$tablewidth\\\" align=\\\"center\\\" style=\\\"table-layout: fixed\\\"> \n<tr><td class=\\\"nav\\\" width=\\\"90%\\\" nowrap>&nbsp;<a href=\\\"index.php\\\">$bbname</a> $navigation</td>\n<td align=\\\"right\\\" width=\\\"10%\\\"><a href=\\\"#bottom\\\"><img src=\\\"$imgdir/arrow_dw.gif\\\" border=\\\"0\\\" align=\\\"absmiddle\\\"></a></td>        \n</tr></table><br>');
INSERT INTO cdb_templates VALUES('2','css','0','<style type=\\\"text/css\\\">\na:link,a:visited	{ text-decoration: none; color: $link }\na:hover			{ text-decoration: underline }\nselect			{ font-family: 宋体; font-size: $fontsize; font-weight: normal; background-color: $altbg1; color: $tabletext }\nbody			{ scrollbar-base-color: $altbg1; scrollbar-arrow-color: $bordercolor; font-size: $fontsize; $bgcode }\ntable			{ font-family: $font; color: $tabletext; font-size: $fontsize }\ntextarea,input,object	{ font-family: $font; font-size: $fontsize; font-weight: normal; background-color: $altbg1; color: $tabletext }\n.bold			{ font-weight: $bold }\n.subject		{ font-size: $fontsize; color: $tabletext; font-family: $font; font-weight: $bold }\n.post			{ font-size: $font3; font-weight: normal; font-family: $font }\n.header			{ color: $headertext; font-family: $font; font-weight: $bold; font-size: $fontsize; $headerbgcode }\n.category		{ font-family: $font; color: $cattext; font-size: $fontsize; $catbgcode }\n.nav			{ font-family: $font; font-weight: $bold; font-size: $fontsize }\n.smalltxt		{ font-size: 12px; color: $tabletext; font-family: Tohoma, Arial, Verdana }\n.mediumtxt		{ font-size: $fontsize; font-family: $font; font-weight: normal; color: $text }\n.navtd			{ font-size: $fontsize; font-family: $font; color: $headertext; text-decoration: none }\n.multi			{ font-family: $font; color: $link; font-size: $fontsize }\n</style>');
INSERT INTO cdb_templates VALUES('3','member_online_row_admin','0','<tr>\n<td align=\\\"center\\\" bgcolor=\\\"$altbg1\\\">$online[username]</td>\n<td align=\\\"center\\\" bgcolor=\\\"$altbg2\\\">$online[time]</td>\n<td align=\\\"center\\\" bgcolor=\\\"$altbg1\\\">$online[action]</td>\n<td align=\\\"center\\\" bgcolor=\\\"$altbg2\\\">$online[forum]</td>\n<td align=\\\"center\\\" bgcolor=\\\"$altbg1\\\">$online[ip]</td>\n</tr>');
INSERT INTO cdb_templates VALUES('4','viewthread_poll_options_view','0','<tr>\n<td bgcolor=\\\"$altbg2\\\" width=\\\"35%\\\">$thispoll[0]</td>\n<td bgcolor=\\\"$altbg2\\\"><table cellspacing=\\\"0\\\" cellpadding=\\\"0\\\" border=\\\"0\\\" width=\\\"100%\\\">\n<tr><td width=\\\"25%\\\">$thispoll[1] ($thisnum)</td>\n<td width=\\\"75%\\\"><img src=\\\"$imgdir/pollbar-s.gif\\\">$pollbar<img src=\\\"$imgdir/pollbar-e.gif\\\"></td>\n</tr></table></td></tr>');
INSERT INTO cdb_templates VALUES('5','member_login','0','<form method=\\\"post\\\" action=\\\"member.php?action=login\\\">\n<input type=\\\"hidden\\\" name=\\\"referer\\\" value=\\\"$referer\\\">\n\n<table cellspacing=\\\"0\\\" cellpadding=\\\"0\\\" border=\\\"0\\\" width=\\\"$tablewidth\\\" align=\\\"center\\\">\n<tr><td bgcolor=\\\"$bordercolor\\\">\n\n<table border=\\\"0\\\" cellspacing=\\\"$borderwidth\\\" cellpadding=\\\"$tablespace\\\" width=\\\"100%\\\">\n<tr class=\\\"header\\\">\n<td colspan=\\\"2\\\">会员登录</td>\n</tr>\n\n<tr>\n<td bgcolor=\\\"$altbg1\\\" width=\\\"21%\\\">用户名：</td>\n<td bgcolor=\\\"$altbg2\\\"><input type=\\\"text\\\" name=\\\"username\\\" size=\\\"25\\\" maxlength=\\\"40\\\" tabindex=\\\"1\\\"> &nbsp;<span class=\\\"smalltxt\\\"><a href=\\\"member.php?action=reg\\\">立即注册</a></span></td>\n</tr>\n\n<tr>\n<td bgcolor=\\\"$altbg1\\\">密码：</td>\n<td bgcolor=\\\"$altbg2\\\"><input type=\\\"password\\\" name=\\\"password\\\" size=\\\"25\\\" tabindex=\\\"2\\\"> &nbsp;<span class=\\\"smalltxt\\\"><a href=\\\"misc.php?action=lostpw\\\">取回密码</a></span></td>\n</tr>\n\n<tr>\n<td bgcolor=\\\"$altbg1\\\">界面方案：</td>\n<td bgcolor=\\\"$altbg2\\\">$themelist</td>\n</tr>\n\n<tr>\n<td bgcolor=\\\"$altbg1\\\">Cookie 时间：</td>\n<td bgcolor=\\\"$altbg2\\\"><input type=\\\"radio\\\" $year_checked name=\\\"cookie_time\\\" value=\\\"31536000\\\">一年&nbsp;&nbsp;<input type=\\\"radio\\\" $month_checked name=\\\"cookie_time\\\" value=\\\"2592000\\\">一个月&nbsp;&nbsp;<input type=\\\"radio\\\" $day_checked name=\\\"cookie_time\\\" value=\\\"86400\\\">一天&nbsp;&nbsp;<input type=\\\"radio\\\" $hour_checked name=\\\"cookie_time\\\" value=\\\"3600\\\">一小时&nbsp;&nbsp;<input type=\\\"radio\\\" $task_checked name=\\\"cookie_time\\\" value=\\\" \\\">浏览器进程&nbsp;&nbsp;&nbsp;&nbsp;<a href=\\\"faq.php?page=usermaint#2\\\" target=\\\"_blank\\\">[相关 FAQ]</a></td>\n</tr>\n\n</table>\n</td></tr></table><br>\n<center><input type=\\\"submit\\\" name=\\\"loginsubmit\\\" value=\\\"会员登录\\\"></center>\n</form>');
INSERT INTO cdb_templates VALUES('6','misc_lostpw','0','<form method=\\\"post\\\" action=\\\"misc.php?action=lostpw\\\">\n<table cellspacing=\\\"0\\\" cellpadding=\\\"0\\\" border=\\\"0\\\" width=\\\"$tablewidth\\\" align=\\\"center\\\">\n<tr><td bgcolor=\\\"$bordercolor\\\">\n\n<table border=\\\"0\\\" cellspacing=\\\"$borderwidth\\\" cellpadding=\\\"$tablespace\\\" width=\\\"100%\\\">\n<tr class=\\\"header\\\">\n<td colspan=\\\"2\\\">取回密码</td>\n</tr>\n\n<tr bgcolor=\\\"$altbg1\\\">\n<td width=\\\"21%\\\">用户名：</td>\n<td><input type=\\\"text\\\" name=\\\"username\\\" size=\\\"25\\\"></td>\n</tr>\n\n<tr bgcolor=\\\"$altbg2\\\">\n<td>Email：</td>\n<td><input type=\\\"text\\\" name=\\\"email\\\" size=\\\"25\\\"><br>\n</tr>\n\n</table>\n</td></tr></table><br>\n<center><input type=\\\"submit\\\" name=\\\"lostpwsubmit\\\" value=\\\"提  交\\\"></center>\n</form>\n</table></td></tr></table>');
INSERT INTO cdb_templates VALUES('7','member_online','0','<table cellspacing=\\\"0\\\" cellpadding=\\\"0\\\" border=\\\"0\\\" width=\\\"$tablewidth\\\" align=\\\"center\\\">\n<tr><td bgcolor=\\\"$bordercolor\\\">\n\n<table border=\\\"0\\\" cellspacing=\\\"$borderwidth\\\" cellpadding=\\\"$tablespace\\\" width=\\\"100%\\\">\n<tr class=\\\"header\\\">\n<td align=\\\"center\\\" width=\\\"17%\\\">用户名</td>\n<td align=\\\"center\\\" width=\\\"15%\\\">时间</td>\n<td align=\\\"center\\\" width=\\\"50%\\\">当前动作</td>\n<td align=\\\"center\\\" width=\\\"18%\\\">所在论坛</td>\n</tr>\n$onlinemembers\n</table>\n</td></tr></table>');
INSERT INTO cdb_templates VALUES('8','member_online_admin','0','<table cellspacing=\\\"0\\\" cellpadding=\\\"0\\\" border=\\\"0\\\" width=\\\"$tablewidth\\\" align=\\\"center\\\">\n<tr><td bgcolor=\\\"$bordercolor\\\">\n\n<table border=\\\"0\\\" cellspacing=\\\"$borderwidth\\\" cellpadding=\\\"$tablespace\\\" width=\\\"100%\\\">\n<tr class=\\\"header\\\">\n<td align=\\\"center\\\" width=\\\"15%\\\">用户名</td>\n<td align=\\\"center\\\" width=\\\"12%\\\">时间</td>\n<td align=\\\"center\\\" width=\\\"45%\\\">当前动作</td>\n<td align=\\\"center\\\" width=\\\"15%\\\">所在论坛</td>\n<td align=\\\"center\\\" width=\\\"13%\\\">IP地址</td>\n</tr>\n$onlinemembers\n</table>\n</td></tr></table>');
INSERT INTO cdb_templates VALUES('9','misc_announcements','0','<br><table cellspacing=\\\"0\\\" cellpadding=\\\"0\\\" border=\\\"0\\\" width=\\\"$tablewidth\\\" align=\\\"center\\\">\n<tr class=\\\"multi\\\"><td>$multipage</td></tr>\n<tr><td bgcolor=\\\"$bordercolor\\\">\n<table border=\\\"0\\\" cellspacing=\\\"$borderwidth\\\" cellpadding=\\\"$tablespace\\\" width=\\\"100%\\\">\n$announcement_row\n</table></td></tr><tr class=\\\"multi\\\"><td>$multipage</td></tr>\n</table><br>');
INSERT INTO cdb_templates VALUES('10','misc_announcement_row','0','<tr><td align=\\\"center\\\" class=\\\"header\\\"><a name=\\\"#$announcement[id]\\\"></a><span class=\\\"bold\\\">&lt;&lt; $announcement[subject] &gt;&gt;</span></td></tr>\n<tr><td bgcolor=\\\"$altbg2\\\"><br>$announcement[message]<br><br></td></tr>\n<tr><td bgcolor=\\\"$altbg1\\\"><table border=\\\"0\\\" cellspacing=\\\"0\\\" cellpadding=\\\"0\\\" width=\\\"100%\\\">\n<tr><td><span class=\\\"bold\\\">发布人：</span><a href=\\\"member.php?action=viewpro&username=$encodeauthor\\\">$announcement[author]</a></td>\n<td align=\\\"right\\\"><span class=\\\"bold\\\">起始时间：</span>$announcestart &nbsp; &nbsp; <span class=\\\"bold\\\">结束时间：</span>$announceend</td></tr></table></td></tr>\n<tr><td height=\\\"1\\\" bgcolor=\\\"$altbg2\\\"></td></tr>');
INSERT INTO cdb_templates VALUES('11','misc_stats_main','0','<br><table cellspacing=\\\"0\\\" cellpadding=\\\"0\\\" border=\\\"0\\\" width=\\\"85%\\\" align=\\\"center\\\">\n<tr><td bgcolor=\\\"$bordercolor\\\">\n<table border=\\\"0\\\" cellspacing=\\\"$borderwidth\\\" cellpadding=\\\"$tablespace\\\" width=\\\"100%\\\">\n<tr bgcolor=\\\"$altbg2\\\"><td><span class=\\\"bold\\\">会员统计：</span><br>\n注册会员：<span class=\\\"bold\\\">$members</span> 人 &nbsp;|&nbsp; 管理成员：<span class=\\\"bold\\\">$admins</span> 人 &nbsp;|&nbsp; 新会员：<span class=\\\"bold\\\">$lastmember</span> &nbsp;|&nbsp; 今日论坛之星 <span class=\\\"bold\\\">$bestmem</span> - 共发帖 <span class=\\\"bold\\\">$bestmempost</span> 篇<br>\n发贴会员：<span class=\\\"bold\\\">$mempost</span> 人 &nbsp;|&nbsp; 未发贴会员：<span class=\\\"bold\\\">$memnonpost</span> 人 &nbsp;|&nbsp; 发帖会员占会员总数的 <span class=\\\"bold\\\">$mempostpercent%</span> &nbsp;|&nbsp; 平均每人发帖：<span class=\\\"bold\\\">$mempostavg</span> 篇\n</td></tr></table></td></tr></table>\n\n<br><table cellspacing=\\\"0\\\" cellpadding=\\\"0\\\" border=\\\"0\\\" width=\\\"85%\\\" align=\\\"center\\\">\n<tr><td bgcolor=\\\"$bordercolor\\\">\n<table border=\\\"0\\\" cellspacing=\\\"$borderwidth\\\" cellpadding=\\\"$tablespace\\\" width=\\\"100%\\\">\n<tr bgcolor=\\\"$altbg2\\\"><td><span class=\\\"bold\\\">论坛统计：</span><br>\n论坛数：<span class=\\\"bold\\\">$forums</span> 个 &nbsp;|&nbsp; 主题：<span class=\\\"bold\\\">$threads</span> 篇 &nbsp;|&nbsp; 贴子：<span class=\\\"bold\\\">$posts</span> 篇 &nbsp;|&nbsp; 平均每个主题被回复：<span class=\\\"bold\\\">$threadreplyavg</span> 篇<br>\n平均每日新增贴子：<span class=\\\"bold\\\">$postsaddavg</span> 篇，会员：<span class=\\\"bold\\\">$membersaddavg</span> 人 &nbsp;|&nbsp; 最近 24 小时新增贴子：<span class=\\\"bold\\\">$postsaddtoday</span> 篇，会员：<span class=\\\"bold\\\">$membersaddtoday</span> 人)<br>\n最热门的论坛：<span class=\\\"bold\\\"><a href=\\\"forumdisplay.php?fid=$hotforum[fid]\\\">$hotforum[name]</a></span> - 共有主题 <span class=\\\"bold\\\">$hotforum[threads]</span> 篇，贴子 <span class=\\\"bold\\\">$hotforum[posts]</span> 篇 &nbsp;|&nbsp; Discuz! 论坛活跃指数：<span class=\\\"bold\\\">$activeindex</span><br>\n</td></tr></table></td></tr></table>\n\n<br><table cellspacing=\\\"0\\\" cellpadding=\\\"0\\\" border=\\\"0\\\" width=\\\"85%\\\" align=\\\"center\\\">\n<tr><td bgcolor=\\\"$bordercolor\\\">\n<table border=\\\"0\\\" cellspacing=\\\"$borderwidth\\\" cellpadding=\\\"$tablespace\\\" width=\\\"100%\\\">\n<tr bgcolor=\\\"$altbg2\\\"><td><span class=\\\"bold\\\">流量概况：</span><br>\n总页面流量：<span class=\\\"bold\\\">$stats_total[hits]</span> 页 &nbsp;|&nbsp; 共计来访：<span class=\\\"bold\\\">$stats_total[visitors]</span> 人次 - 会员：<span class=\\\"bold\\\">$stats_total[members]</span> 人次，游客：<span class=\\\"bold\\\">$stats_total[guests]</span> 人次 &nbsp;|&nbsp; 平均每人浏览：<span class=\\\"bold\\\">$pageviewavg</span> 页<br>\n最大访问量 - 月份：<span class=\\\"bold\\\">$maxmonth_year</span> 年 <span class=\\\"bold\\\">$maxmonth_month</span> 月，页面流量 <span class=\\\"bold\\\">$maxmonth</span> 页 &nbsp;|&nbsp; \n时段：<span class=\\\"bold\\\">$maxhourfrom</span> 时 ～ <span class=\\\"bold\\\">$maxhourto</span> 时，页面流量 <span class=\\\"bold\\\">$maxhour</span> 页\n</td></tr></table></td></tr></table>\n\n<br><table cellspacing=\\\"0\\\" cellpadding=\\\"0\\\" border=\\\"0\\\" width=\\\"85%\\\" align=\\\"center\\\">\n<tr><td bgcolor=\\\"$bordercolor\\\">\n<table border=\\\"0\\\" cellspacing=\\\"$borderwidth\\\" cellpadding=\\\"$tablespace\\\" width=\\\"100%\\\">\n<tr bgcolor=\\\"$altbg2\\\"><td><span class=\\\"bold\\\">月份流量：</span><br>\n<table border=\\\"0\\\" cellspacing=\\\"0\\\" cellpadding=\\\"$tablespace\\\" width=\\\"610\\\">\n$statsbar_month\n</table></td></tr></table></td></tr></table><br>');
INSERT INTO cdb_templates VALUES('12','misc_stats','0','<table cellspacing=\\\"0\\\" cellpadding=\\\"0\\\" border=\\\"0\\\" width=\\\"$tablewidth\\\" align=\\\"center\\\">\n<tr><td bgcolor=\\\"$bordercolor\\\">\n<table border=\\\"0\\\" cellspacing=\\\"$borderwidth\\\" cellpadding=\\\"$tablespace\\\" width=\\\"100%\\\">\n<tr><td class=\\\"header\\\">论坛统计\n</td></tr><tr bgcolor=\\\"$altbg1\\\"><td>\n\n<br><table cellspacing=\\\"0\\\" cellpadding=\\\"0\\\" border=\\\"0\\\" width=\\\"85%\\\" align=\\\"center\\\">\n<tr><td bgcolor=\\\"$bordercolor\\\"><table border=\\\"0\\\" cellspacing=\\\"$borderwidth\\\" cellpadding=\\\"$tablespace\\\" width=\\\"100%\\\">\n<tr bgcolor=\\\"$altbg2\\\"><td align=\\\"center\\\">\n<a href=\\\"misc.php?action=stats\\\">[ 基本概况 ]</a> &nbsp; <a href=\\\"misc.php?action=stats&type=week\\\">[ 星期流量 ]</a> &nbsp; \n<a href=\\\"misc.php?action=stats&type=hour\\\">[ 时段流量 ]</a> &nbsp; <a href=\\\"misc.php?action=stats&type=agent\\\">[ 客户软件 ]</a> &nbsp; \n<a href=\\\"misc.php?action=stats&type=threads\\\">[ 主题排行 ]</a> &nbsp; <a href=\\\"misc.php?action=stats&type=member\\\">[ 会员排行 ]</a></td></tr>\n</table></td></tr></table><br>\n\n$statsdata\n\n</td></tr></table></td></tr></table></td></tr></table>');
INSERT INTO cdb_templates VALUES('13','misc_stats_agent','0','<br><table cellspacing=\\\"0\\\" cellpadding=\\\"0\\\" border=\\\"0\\\" width=\\\"85%\\\" align=\\\"center\\\">\n<tr><td bgcolor=\\\"$bordercolor\\\">\n<table border=\\\"0\\\" cellspacing=\\\"$borderwidth\\\" cellpadding=\\\"$tablespace\\\" width=\\\"100%\\\">\n<tr bgcolor=\\\"$altbg2\\\"><td><span class=\\\"bold\\\">操作系统：</span><br>\n<table border=\\\"0\\\" cellspacing=\\\"0\\\" cellpadding=\\\"$tablespace\\\" width=\\\"610\\\">\n$statsbar_os\n</table></td></tr></table></td></tr></table>\n\n<br><table cellspacing=\\\"0\\\" cellpadding=\\\"0\\\" border=\\\"0\\\" width=\\\"85%\\\" align=\\\"center\\\">\n<tr><td bgcolor=\\\"$bordercolor\\\">\n<table border=\\\"0\\\" cellspacing=\\\"$borderwidth\\\" cellpadding=\\\"$tablespace\\\" width=\\\"100%\\\">\n<tr bgcolor=\\\"$altbg2\\\"><td><span class=\\\"bold\\\">浏览器：</span><br>\n<table border=\\\"0\\\" cellspacing=\\\"0\\\" cellpadding=\\\"$tablespace\\\" width=\\\"610\\\">\n$statsbar_browser\n</table></td></tr></table></td></tr></table><br>');
INSERT INTO cdb_templates VALUES('14','misc_stats_member','0','<table cellspacing=\\\"0\\\" cellpadding=\\\"0\\\" border=\\\"0\\\" width=\\\"85%\\\" align=\\\"center\\\">\n<tr><td bgcolor=\\\"$bordercolor\\\">\n<table border=\\\"0\\\" cellspacing=\\\"$borderwidth\\\" cellpadding=\\\"$tablespace\\\" width=\\\"100%\\\">\n<tr><td bgcolor=\\\"$altbg1\\\"><table border=\\\"0\\\" cellspacing=\\\"0\\\" cellpadding=\\\"$tablespace\\\" width=\\\"98%\\\" align=\\\"center\\\">\n<tr><td align=\\\"center\\\" bgcolor=\\\"$altbg2\\\" colspan=\\\"2\\\" class=\\\"bold\\\">总{$credittitle}排行</td><td width=\\\"2%\\\"></td>\n<td align=\\\"center\\\" bgcolor=\\\"$altbg2\\\" colspan=\\\"2\\\" class=\\\"bold\\\">总发帖排行</td><td width=\\\"2%\\\"></td>\n<td align=\\\"center\\\" bgcolor=\\\"$altbg2\\\" colspan=\\\"2\\\" class=\\\"bold\\\">本月发帖排行</td><td width=\\\"2%\\\"></td>\n<td align=\\\"center\\\" bgcolor=\\\"$altbg2\\\" colspan=\\\"2\\\" class=\\\"bold\\\">今日发帖排行</td></tr>\n$members\n</td></table></td></tr></table></td></tr></table><br>');
INSERT INTO cdb_templates VALUES('15','misc_stats_threads','0','<table cellspacing=\\\"0\\\" cellpadding=\\\"0\\\" border=\\\"0\\\" width=\\\"85%\\\" align=\\\"center\\\">\n<tr><td bgcolor=\\\"$bordercolor\\\">\n<table border=\\\"0\\\" cellspacing=\\\"$borderwidth\\\" cellpadding=\\\"$tablespace\\\" width=\\\"100%\\\">\n<tr><td bgcolor=\\\"$altbg1\\\"><table border=\\\"0\\\" cellspacing=\\\"0\\\" cellpadding=\\\"$tablespace\\\" width=\\\"99%\\\" align=\\\"center\\\">\n<tr><td align=\\\"center\\\" bgcolor=\\\"$altbg2\\\" colspan=\\\"2\\\" class=\\\"bold\\\">被浏览最多的主题</td><td width=\\\"1%\\\"></td>\n<td align=\\\"center\\\" bgcolor=\\\"$altbg2\\\" colspan=\\\"2\\\" class=\\\"bold\\\">被回复最多的主题</td></tr>\n$threads\n</td></table></td></tr></table></td></tr></table><br>');
INSERT INTO cdb_templates VALUES('16','misc_stats_week','0','<br><table cellspacing=\\\"0\\\" cellpadding=\\\"0\\\" border=\\\"0\\\" width=\\\"85%\\\" align=\\\"center\\\">\n<tr><td bgcolor=\\\"$bordercolor\\\">\n<table border=\\\"0\\\" cellspacing=\\\"$borderwidth\\\" cellpadding=\\\"$tablespace\\\" width=\\\"100%\\\">\n<tr bgcolor=\\\"$altbg2\\\"><td><span class=\\\"bold\\\">星期流量：</span><br>\n<table border=\\\"0\\\" cellspacing=\\\"0\\\" cellpadding=\\\"$tablespace\\\" width=\\\"610\\\">\n$statsbar_week\n</table></td></tr></table></td></tr></table><br>');
INSERT INTO cdb_templates VALUES('17','misc_stats_hour','0','<br><table cellspacing=\\\"0\\\" cellpadding=\\\"0\\\" border=\\\"0\\\" width=\\\"85%\\\" align=\\\"center\\\">\n<tr><td bgcolor=\\\"$bordercolor\\\">\n<table border=\\\"0\\\" cellspacing=\\\"$borderwidth\\\" cellpadding=\\\"$tablespace\\\" width=\\\"100%\\\">\n<tr bgcolor=\\\"$altbg2\\\"><td><span class=\\\"bold\\\">时段流量：</span><br>\n<table border=\\\"0\\\" cellspacing=\\\"0\\\" cellpadding=\\\"$tablespace\\\" width=\\\"610\\\">\n$statsbar_hour\n</table></td></tr></table></td></tr></table><br>');
INSERT INTO cdb_templates VALUES('18','member_online_row','0','<tr>\n<td align=\\\"center\\\" bgcolor=\\\"$altbg1\\\">$online[username]</td>\n<td align=\\\"center\\\" bgcolor=\\\"$altbg2\\\">$online[time]</td>\n<td align=\\\"center\\\" bgcolor=\\\"$altbg1\\\">$online[action]</td>\n<td align=\\\"center\\\" bgcolor=\\\"$altbg2\\\">$online[forum]</td>\n</tr>');
INSERT INTO cdb_templates VALUES('19','index_whosonline','0','<tr>\n<td colspan=\\\"6\\\" class=\\\"category\\\">\n<table cellspacing=\\\"0\\\" cellpadding=\\\"0\\\" border=\\\"0\\\" width=\\\"100%\\\" align=\\\"center\\\">\n<tr><td style=\\\"color: $cattext\\\"><span class=\\\"bold\\\"><a href=\\\"member.php?action=online\\\" style=\\\"color: $cattext\\\">在线用户</a></span> - $memonmsg</td>\n<td align=\\\"right\\\">$oldetaillink</td></tr></table>\n</tr>\n<tr>\n<td bgcolor=\\\"$altbg1\\\" align=\\\"center\\\" valign=\\\"top\\\"><img src=\\\"$imgdir/online.gif\\\"></td>\n<td bgcolor=\\\"$altbg2\\\" colspan=\\\"5\\\" onMouseOver =\\\"this.style.backgroundColor=\\\'$altbg1\\\'\\\" onMouseOut =\\\"this.style.backgroundColor=\\\'$altbg2\\\'\\\">\n<table cellspacing=\\\"0\\\" cellpadding=\\\"0\\\" border=\\\"0\\\" width=\\\"98%\\\" align=\\\"center\\\">\n<tr><td colspan=\\\"6\\\"><img src=\\\"$imgdir/online_admin.gif\\\"> 论坛管理员 &nbsp; &nbsp; &nbsp;<img src=\\\"$imgdir/online_moderator.gif\\\"> 版主 &nbsp; &nbsp; &nbsp;<img src=\\\"$imgdir/online_member.gif\\\"> 会员 &nbsp; &nbsp; &nbsp;<img src=\\\"$imgdir/online_guest.gif\\\"> 游客</td></tr>\n$memberlist\n</table></td></tr>');
INSERT INTO cdb_templates VALUES('20','index_forumlink','0','<tr>\n<td colspan=\\\"6\\\" class=\\\"category\\\"><span class=\\\"bold\\\">≡ 联盟论坛 ≡</span></td>\n</tr>\n$forumlink_row');
INSERT INTO cdb_templates VALUES('21','index_forumlink_row','0','<tr>\n<td bgcolor=\\\"$altbg1\\\" align=\\\"center\\\" valign=\\\"middle\\\"><img src=\\\"$imgdir/forumlink.gif\\\"></td>\n<td bgcolor=\\\"$altbg2\\\" colspan=\\\"4\\\" valign=\\\"middle\\\" onMouseOver =\\\"this.style.backgroundColor=\\\'$altbg1\\\'\\\" onMouseOut =\\\"this.style.backgroundColor=\\\'$altbg2\\\'\\\"><a href=\\\"$flink[url]\\\" target=\\\"_blank\\\"><span class=\\\"bold\\\">$flink[name]</span></a><br>$flink[note]</td>\n<td bgcolor=\\\"$altbg2\\\" align=\\\"center\\\" valign=\\\"middle\\\"><a href=\\\"$flink[url]\\\" target=\\\"_blank\\\"><img src=\\\"$flink[logo]\\\" border=\\\"0\\\" alt=\\\"$flnk[note]\\\"></a></td>\n</tr>');
INSERT INTO cdb_templates VALUES('22','index_forumlink_noimg_row','0','<tr>\n<td bgcolor=\\\"$altbg1\\\" align=\\\"center\\\" valign=\\\"middle\\\"><img src=\\\"$imgdir/forumlink.gif\\\"></td>\n<td bgcolor=\\\"$altbg2\\\" colspan=\\\"5\\\" valign=\\\"middle\\\" style=\\\"word-break: keep-all\\\" onMouseOver=\\\"this.style.backgroundColor=\\\'$altbg1\\\'\\\" onMouseOut=\\\"this.style.backgroundColor=\\\'$altbg2\\\'\\\">$forumlink_content</td>\n</tr>');
INSERT INTO cdb_templates VALUES('23','faq_usermaint','0','<table cellspacing=\\\"0\\\" cellpadding=\\\"0\\\" border=\\\"0\\\" width=\\\"$tablewidth\\\" align=\\\"center\\\"> \n<tr><td bgcolor=\\\"$bordercolor\\\"> \n<table border=\\\"0\\\" cellspacing=\\\"$borderwidth\\\" cellpadding=\\\"$tablespace\\\" width=\\\"100%\\\"> \n<tr><td width=\\\"100%\\\" class=\\\"header\\\">用户须知</td></tr>\n<tr>\n<td width=\\\"100%\\\" bgcolor=\\\"$altbg2\\\">\n<ul>\n<li><a href=\\\"#1\\\">我必须要注册吗？</a></li>\n<li><a href=\\\"#2\\\">Discuz! 论坛使用 Cookies吗？</a></li>\n<li><a href=\\\"#3\\\">如何使用签名？</a></li>\n<li><a href=\\\"#4\\\">如何使用个性化的头像？</a></li>\n<li><a href=\\\"#5\\\">如果我遗忘了密码，我该怎么办？</a></li>\n<li><a href=\\\"#6\\\">什么是“短消息”？</a></li>\n</td>\n</tr>\n</table></td></tr></table>\n\n<br>\n\n<table cellspacing=\\\"0\\\" cellpadding=\\\"0\\\" border=\\\"0\\\" width=\\\"$tablewidth\\\" align=\\\"center\\\"> \n<tr><td bgcolor=\\\"$bordercolor\\\"> \n<table border=\\\"0\\\" cellspacing=\\\"$borderwidth\\\" cellpadding=\\\"$tablespace\\\" width=\\\"100%\\\"> \n<tr>\n<td width=\\\"100%\\\" class=\\\"header\\\">我必须要注册吗？</td><a name=#1></a>\n</tr>\n<tr>\n<td width=\\\"100%\\\" bgcolor=\\\"$altbg2\\\">\n&nbsp;&nbsp;&nbsp;&nbsp;这取决于管理员如何设置 Discuz! 论坛的参数，您甚至有可能必须在注册成正式用户\n后后才能浏览贴子。当然，在通常情况下，您必须是正式用户才能发新贴和回复已有贴子。请 <a href=\\\"member.php?action=reg\\\">点击这里</a>\n免费注册成为我们的新用户！<br><br>\n&nbsp;&nbsp;&nbsp;&nbsp;强烈建议您注册，这样会得到很多以游客身份无法实现的功能。\n</td>\n</tr>\n</table></td></tr></table>\n        \n<br>\n\n<table cellspacing=\\\"0\\\" cellpadding=\\\"0\\\" border=\\\"0\\\" width=\\\"$tablewidth\\\" align=\\\"center\\\"> \n<tr><td bgcolor=\\\"$bordercolor\\\"> \n<table border=\\\"0\\\" cellspacing=\\\"$borderwidth\\\" cellpadding=\\\"$tablespace\\\" width=\\\"100%\\\"> \n<tr>\n<td width=\\\"100%\\\" class=\\\"header\\\">Discuz! 论坛使用 Cookies 吗？</td><a name=#2></a>\n</tr>\n<tr>\n<td width=\\\"100%\\\" bgcolor=\\\"$altbg2\\\">\n&nbsp;&nbsp;&nbsp;&nbsp;Discuz! 采用 Session+Cookie 的双重方式保存用户信息。Cookies 的使用可以为\n您访问论坛带来一系列的方便和好处。但如果在个别服务器或客户端 Cookies 无法读取或被禁用，Discuz! 也可以\n通过 Session 来存取登录信息，以保证各种环境下论坛的正常使用。Cookies 无法使用的情况下，论坛将不能\n保存登录信息至下次访问，此时您需要输入用户名和密码重新登录。<br><br>\n&nbsp;&nbsp;&nbsp;&nbsp;在登录页面中，您可以选择 Cookie 记录时间，在该时间范围内您打开浏览器访问\n论坛将始终保持您上一次访问时的登录状态。如果超过这个时间不登录论坛，Cookies 就会自动清除。出于安全考虑，\n如果您在公共计算机访问论坛，建议选择“浏览器进程”或“一小时”项，这样将可以彻底消除您的登录资料(虽然\n是加密的)泄露给他人的可能。<br><br>\n&nbsp;&nbsp;&nbsp;&nbsp;当然，无论您选择哪个 Cookie 时间，关闭论坛之前使用“退出”来清除 Cookies\n都是比较安全做法。<a href=\\\"member.php?action=logout\\\">点击这里</a> 退出论坛。\n</td>\n</tr>\n</table></td></tr></table>\n        \n<br>\n\n<table cellspacing=\\\"0\\\" cellpadding=\\\"0\\\" border=\\\"0\\\" width=\\\"$tablewidth\\\" align=\\\"center\\\"> \n<tr><td bgcolor=\\\"$bordercolor\\\"> \n<table border=\\\"0\\\" cellspacing=\\\"$borderwidth\\\" cellpadding=\\\"$tablespace\\\" width=\\\"100%\\\"> \n<tr>\n<td width=\\\"100%\\\" class=\\\"header\\\">如何使用签名？</td><a name=#3></a>\n</tr>\n<tr>\n<td width=\\\"100%\\\" bgcolor=\\\"$altbg2\\\">\n&nbsp;&nbsp;&nbsp;&nbsp;签名是加在您发表的贴子下面的小段文字，注册之后，您就可以设置自己的个性签名\n了。<br><br>\n&nbsp;&nbsp;&nbsp;&nbsp;<a href=\\\"memcp.php\\\">点击这里</a> 进入控制面板，在签名框中输入签名文字，\n并确认，这样系统会自动选中您登录后发帖页面的显示签名选项，您的的签名就会在贴子中自动显示了。\n</td>\n</tr>\n</table></td></tr></table>\n<br>\n<table cellspacing=\\\"0\\\" cellpadding=\\\"0\\\" border=\\\"0\\\" width=\\\"$tablewidth\\\" align=\\\"center\\\"> \n<tr><td bgcolor=\\\"$bordercolor\\\"> \n<table border=\\\"0\\\" cellspacing=\\\"$borderwidth\\\" cellpadding=\\\"$tablespace\\\" width=\\\"100%\\\"> \n<tr>\n<td width=\\\"100%\\\" class=\\\"header\\\">如何使用个性化的头像？</td><a name=#4></a>\n</tr>\n<tr>\n<td width=\\\"100%\\\" bgcolor=\\\"$altbg2\\\">\n&nbsp;&nbsp;&nbsp;&nbsp;同样在 <a href=\\\"memcp.php\\\">控制面板</a> 中，有一处“头像”选项。头像是显示\n在您用户名下面的小图像，使用头像可能需要一定的{$credittitle}，否则将不会显示出来。详情请查询\n<a href=\\\"faq.php?page=misc#3\\\">本论坛的级别设定</a>，一般头像图像宽度应控制在 150 像素以下，以免影响界面美观。\n</td>\n</tr>\n</table></td></tr></table>\n<br>\n<table cellspacing=\\\"0\\\" cellpadding=\\\"0\\\" border=\\\"0\\\" width=\\\"$tablewidth\\\" align=\\\"center\\\"> \n<tr><td bgcolor=\\\"$bordercolor\\\"> \n<table border=\\\"0\\\" cellspacing=\\\"$borderwidth\\\" cellpadding=\\\"$tablespace\\\" width=\\\"100%\\\"> \n<tr>\n<td width=\\\"100%\\\" class=\\\"header\\\">如果我遗忘了密码，我该怎么办？</td><a name=#5></a>\n</tr>\n<tr>\n<td width=\\\"100%\\\" bgcolor=\\\"$altbg2\\\">\n&nbsp;&nbsp;&nbsp;&nbsp;如果注册时填写的邮箱真实有效，就不用担心忘记了用户密码， <a href=\\\"misc.php?action=lostpw\\\">取回密码</a> 功能可以帮您把忘记的密码发送到注册时填写的邮箱中。\n</td>\n</tr>\n</table></td></tr></table>\n<br>\n<table cellspacing=\\\"0\\\" cellpadding=\\\"0\\\" border=\\\"0\\\" width=\\\"$tablewidth\\\" align=\\\"center\\\"> \n<tr><td bgcolor=\\\"$bordercolor\\\"> \n<table border=\\\"0\\\" cellspacing=\\\"$borderwidth\\\" cellpadding=\\\"$tablespace\\\" width=\\\"100%\\\"> \n<tr>\n<td width=\\\"100%\\\" class=\\\"header\\\">什么是“短消息”？</td><a name=#6></a>\n</tr>\n<tr>\n<td width=\\\"100%\\\" bgcolor=\\\"$altbg2\\\">\n&nbsp;&nbsp;&nbsp;&nbsp;“短消息”是论坛用户间交流的工具，您可以通过 Discuz! 论坛发送和接收短消息。<a href=\\\"###\\\" onclick=\\\"Popup(\\\'u2u.php?sid=$sid\\\', \\\'u2u\\\', 580, 450);\\\">收件箱</a> 或 <a href=\\\"memcp.php\\\">个人资料</a> 中提供了短消息的收发服务。\n</td>\n</tr>\n</table></td></tr></table>');
INSERT INTO cdb_templates VALUES('24','index_newu2upopup','0','<bgsound src=\\\"images/newu2u.wav\\\" border=\\\"0\\\">\n<script language=\\\"JavaScript\\\" src=\\\"u2upopup.js\\\"></script>\n<div id=\\\"u2upopup\\\" style=\\\"position: absolute; visibility: hidden; height: 1; width: 1; top: 50; left: 50\\\">\n<table width=\\\"400\\\" height=\\\"246\\\" bgcolor=\\\"$altbg1\\\" style=\\\"border: 1 outset $altbg2\\\">\n<tr><td><table width=\\\"378\\\" height=\\\"223\\\" bgcolor=\\\"$altbg2\\\" align=\\\"center\\\" style=\\\"border: 1 inset $headercolor\\\">\n<tr><td align=\\\"center\\\" valign=\\\"middle\\\">\n<p class=\\\"bold\\\">==　您有 $newu2unum 条未被提示过的新短消息 ==</p>\n<table cellspacing=\\\"6\\\" cellpadding=\\\"0\\\" border=\\\"0\\\" width=\\\"95%\\\" align=\\\"center\\\"> \n$u2udetail</table>\n<p>[ <a href=\\\"###\\\" onclick=\\\"Popup(\\\'u2u.php?sid=$sid\\\', \\\'u2u\\\', 580, 450);closePopup();\\\">查看短消息详情</a> ] - [ <a href=\\\"###\\\" onclick=\\\"closePopup()\\\">不再提示以上消息</a> ]</p>\n</td></tr></table></td></tr></table></div>');
INSERT INTO cdb_templates VALUES('25','index','0','<table cellspacing=\\\"$tablespace\\\" cellpadding=\\\"0\\\" border=\\\"0\\\" width=\\\"$tablewidth\\\" align=\\\"center\\\"> \n<tr class=\\\"mediumtxt\\\"><td width=\\\"55%\\\">\n<table cellspacing=\\\"0\\\" cellpadding=\\\"0\\\" border=\\\"0\\\" width=\\\"100%\\\">\n<tr><td width=\\\"22\\\"><img src=\\\"$imgdir/$statusicon\\\"></td><td valign=\\\"middle\\\">您的$credittitle <span class=\\\"bold\\\">$credit</span> $creditunit / 级别 <span class=\\\"bold\\\">$grouptitle</span></td></tr>\n<tr><td width=\\\"22\\\"><img src=\\\"$imgdir/announcement.gif\\\"></td><td valign=\\\"middle\\\" nowrap>论坛公告：$announcements</td></tr></table>\n</td><td align=\\\"right\\\" width=\\\"45%\\\" nowrap>\n共有 <span class=\\\"bold\\\">$threads</span> 篇主题 / <span class=\\\"bold\\\">$posts</span> 篇贴子 / <span class=\\\"bold\\\">$members</span> 位会员<br>\n<a href=\\\"misc.php?action=search&srchfrom=$newthreads&searchsubmit=yes\\\">查看新帖</a> | <a href=\\\"misc.php?action=markread\\\">标记已读</a> $mytopicslink| 欢迎新会员 $memhtml<br>\n</td></tr></table>\n$index_news\n<table cellspacing=\\\"0\\\" cellpadding=\\\"0\\\" border=\\\"0\\\" width=\\\"$tablewidth\\\" align=\\\"center\\\"> \n<tr><td bgcolor=\\\"$bordercolor\\\"> \n\n<table border=\\\"0\\\" cellspacing=\\\"$borderwidth\\\" cellpadding=\\\"$tablespace\\\" width=\\\"100%\\\" align=\\\"center\\\"> \n<tr>\n<td width=\\\"6%\\\" class=\\\"header\\\">&nbsp;</td>\n<td width=\\\"46%\\\" class=\\\"header\\\" align=\\\"center\\\">论坛</td>\n<td width=\\\"8%\\\" class=\\\"header\\\" align=\\\"center\\\">主题</td>\n<td width=\\\"8%\\\" class=\\\"header\\\" align=\\\"center\\\">贴数</td>\n<td width=\\\"15%\\\" class=\\\"header\\\" align=\\\"center\\\">最后发表</td>\n<td width=\\\"17%\\\" class=\\\"header\\\" align=\\\"center\\\">版主</td>\n</tr>\n$forumlist\n$forumlink\n$whosonline\n</table>\n</td></tr></table><br><br>\n<table width=\\\"$tablewidth\\\" align=\\\"center\\\">\n<tr><td align=\\\"center\\\" class=\\\"mediumtxt\\\">\n<img src=\\\"$imgdir/red_forum.gif\\\" align=\\\"absmiddle\\\">&nbsp; 有新贴的论坛&nbsp; &nbsp; &nbsp; &nbsp; &nbsp; &nbsp; &nbsp; \n<img src=\\\"$imgdir/forum.gif\\\" align=\\\"absmiddle\\\">&nbsp; 无新贴的论坛</td></tr></table><br>\n$newu2upopup');
INSERT INTO cdb_templates VALUES('26','index_category','0','<tr> \n<td colspan=\\\"6\\\" class=\\\"category\\\"><a href=\\\"index.php?gid=$group[fid]\\\"><font color=\\\"$cattext\\\"><span class=\\\"bold\\\">$group[name]</span></font></a></td> \n</tr>');
INSERT INTO cdb_templates VALUES('27','index_forum','0','<tr align=\\\"center\\\">\n<td bgcolor=\\\"$altbg1\\\">$folder</td>\n<td bgcolor=\\\"$altbg2\\\" align=\\\"left\\\" onMouseOver =\\\"this.style.backgroundColor=\\\'$altbg1\\\'\\\" onMouseOut =\\\"this.style.backgroundColor=\\\'$altbg2\\\'\\\">\n$forum[icon]<a href=\\\"forumdisplay.php?fid=$forum[fid]\\\"><span class=\\\"bold\\\">$forum[name]</span></a>\n<br>$forum[description]</td>\n<td bgcolor=\\\"$altbg1\\\">$forum[threads]</td>\n<td bgcolor=\\\"$altbg2\\\">$forum[posts]</td>\n<td bgcolor=\\\"$altbg1\\\">$lastpostrow</td>\n<td bgcolor=\\\"$altbg2\\\" style=\\\"word-break: keep-all\\\">$forum[moderator]</td>\n</tr>');
INSERT INTO cdb_templates VALUES('28','forumdisplay','0','<table width=\\\"$tablewidth\\\" cellspacing=\\\"0\\\" cellpadding=\\\"$tablespace\\\" align=\\\"center\\\">\n<tr class=\\\"mediumtxt\\\"><td>(版主：<span class=\\\"bold\\\">$moderatedby</span>)</td><td align=\\\"right\\\"><img src=\\\"$imgdir/showdigist.gif\\\" border=\\\"0\\\" align=\\\"absmiddle\\\"> $showthread$delthread</td></tr>\n<tr><td></td></tr>\n</table>\n$forumwhosonline\n$subforums\n<form method=\\\"post\\\" name=\\\"delthread\\\" action=\\\"topicadmin.php?action=delthread&fid=$fid&page=$page\\\">\n<table width=\\\"$tablewidth\\\" cellspacing=\\\"0\\\" cellpadding=\\\"0\\\" align=\\\"center\\\">\n<tr><td class=\\\"multi\\\">$multipage</td>\n<td align=\\\"right\\\">\n<a href=\\\"post.php?action=newthread&fid=$fid\\\"><img src=\\\"$imgdir/newtopic.gif\\\" border=\\\"0\\\"></a>$newpolllink\n</td></tr></table>\n\n<table cellspacing=\\\"0\\\" cellpadding=\\\"0\\\" border=\\\"0\\\" width=\\\"$tablewidth\\\" align=\\\"center\\\" bgcolor=\\\"$bordercolor\\\"><tr><td>\n<table border=\\\"0\\\" cellspacing=\\\"$borderwidth\\\" cellpadding=\\\"$tablespace\\\" width=\\\"100%\\\" style=\\\"table-layout: fixed; word-wrap: break-word\\\">\n<tr class=\\\"header\\\">\n<td width=\\\"4%\\\">&nbsp;</td>\n<td width=\\\"4%\\\">&nbsp;</td>\n<td width=\\\"47%\\\" align=\\\"center\\\">主题</td>\n<td width=\\\"14%\\\" align=\\\"center\\\">作者</td>\n<td width=\\\"6%\\\" align=\\\"center\\\">回复</td>\n<td width=\\\"6%\\\" align=\\\"center\\\">浏览</td>\n<td width=\\\"19%\\\" align=\\\"center\\\">最后发表</td>\n</tr>\n$threadlist\n</table></td></tr></table>\n\n<table width=\\\"$tablewidth\\\" cellspacing=\\\"0\\\" cellpadding=\\\"0\\\" align=\\\"center\\\">\n<tr><td class=\\\"multi\\\" valign=\\\"top\\\">$multipage</td><td align=\\\"right\\\"><br>\n<a href=\\\"post.php?action=newthread&fid=$fid\\\"><img src=\\\"$imgdir/newtopic.gif\\\" border=\\\"0\\\"></a>$newpolllink\n</td></tr></table></form>\n\n$fastpost_newthread<br>\n\n<form method=\\\"post\\\" action=\\\"forumdisplay.php?fid=$fid\\\">\n<table width=\\\"$tablewidth\\\" cellspacing=\\\"0\\\" cellpadding=\\\"0\\\" align=\\\"center\\\"><tr><td align=\\\"left\\\" class=\\\"mediumtxt\\\">\n<span class=\\\"bold\\\">论坛跳转：</span>\n<select onchange=\\\"if(this.options[this.selectedIndex].value != \\\'\\\') {\nwindow.location=(\\\'forumdisplay.php?fid=\\\'+this.options[this.selectedIndex].value+\\\'&sid=$sid\\\') }\\\">\n$forumselect\n</select>\n</td><td align=\\\"right\\\" class=\\\"mediumtxt\\\">\n查看 <select name=\\\"filter\\\">\n<option value=\\\"digist\\\" $check[digist]>精华贴子</option>\n<option value=\\\"0\\\" $check[0]>所有贴子</option>\n<option value=\\\"86400\\\" $check[86400]>1 天以来</option>\n<option value=\\\"172800\\\" $check[172800]>2 天以来</option>\n<option value=\\\"604800\\\" $check[604800]>1 周以来</option>\n<option value=\\\"2592000\\\" $check[2592000]>1 个月以来</option>\n<option value=\\\"7948800\\\" $check[7948800]>3 个月以来</option>\n<option value=\\\"15897600\\\" $check[15897600]>6 个月以来</option>\n<option value=\\\"31536000\\\" $check[31536000]>1 年以来</option>\n</select>&nbsp;&nbsp;<select name=\\\"ascdesc\\\">\n<option value=\\\"ASC\\\" $check[asc]>按升序排列</option>\n<option value=\\\"DESC\\\" $check[desc]>按降序排列</option>\n</select>&nbsp;\n<input type=\\\"submit\\\" value=\\\"查 看\\\">\n</td></tr></table></form><br>\n<table width=\\\"365\\\" align=\\\"center\\\">\n<tr class=\\\"mediumtxt\\\"><td><img src=\\\"$imgdir/red_folder.gif\\\" alt=\\\"新贴\\\" align=\\\"absmiddle\\\">&nbsp; 有新贴</td><td>(&nbsp;<img src=\\\"$imgdir/hot_red_folder.gif\\\" alt=\\\"热点话题\\\" align=\\\"absmiddle\\\">&nbsp; 多于 $hottopic 篇回复 )</td><td><img src=\\\"$imgdir/lock_folder.gif\\\" alt=\\\"关闭\\\" align=\\\"absmiddle\\\">&nbsp; 关闭的主题</td></tr>\n<tr class=\\\"mediumtxt\\\"><td><img src=\\\"$imgdir/folder.gif\\\" alt=\\\"打开\\\" align=\\\"absmiddle\\\">&nbsp; 没有新帖</td><td>(&nbsp;<img src=\\\"$imgdir/hot_folder.gif\\\" alt=\\\"焦点话题\\\" align=\\\"absmiddle\\\">&nbsp; 多于 $hottopic 篇回复 )</td><td></td></tr>\n</table><br>');
INSERT INTO cdb_templates VALUES('29','forumdisplay_fastpost','0','<script language=\\\"JavaScript\\\">\nvar postmaxchars = $maxpostsize;\nvar isadmin = $isadmin;\nfunction validate(theform) {\n        if (theform.subject.value == \\\"\\\") {\n                alert(\\\"请完成标题和内容栏。\\\");\n                return false; }\n        if (postmaxchars != 0 && isadmin != 1) {\n                if (theform.message.value.length > $maxpostsize) {\n                        alert(\\\"您的贴子长度超过限制\\\\n\\\\n当前长度：\\\"+theform.message.value.length+\\\" 字符\\\\n系统允许：$maxpostsize 字符\\\");\n                        return false; }\n                else { return true; }\n        } else { return true; }\n}\n</script>\n<form method=\\\"post\\\" name=\\\"input\\\" action=\\\"post.php?action=newthread&fid=$fid\\\" $enctype onSubmit=\\\"return validate(this)\\\">\n<input type=\\\"hidden\\\" name=\\\"topicsubmit\\\" value=\\\"submit\\\">\n<table cellspacing=\\\"0\\\" cellpadding=\\\"0\\\" border=\\\"0\\\" width=\\\"$tablewidth\\\" align=\\\"center\\\" bgcolor=\\\"$bordercolor\\\"><tr><td>\n<table border=\\\"0\\\" cellspacing=\\\"$borderwidth\\\" cellpadding=\\\"$tablespace\\\" width=\\\"100%\\\">\n<tr><td colspan=\\\"2\\\" class=\\\"header\\\">快速发新话题</td></tr>\n<tr>\n<td width=\\\"18%\\\" bgcolor=\\\"$altbg1\\\">主题：</td>\n<td width=\\\"82%\\\" bgcolor=\\\"$altbg2\\\"><input type=\\\"text\\\" name=\\\"subject\\\" size=\\\"80\\\" value=\\\"\\\" tabindex=\\\"1\\\"></td>\n</tr>\n<tr>\n<td width=\\\"18%\\\" bgcolor=\\\"$altbg1\\\" valign=\\\"top\\\">选项：<br>\n<input type=\\\"checkbox\\\" name=\\\"parseurloff\\\" value=\\\"1\\\"> 禁用 URL 识别<br>\n<input type=\\\"checkbox\\\" name=\\\"smileyoff\\\" value=\\\"1\\\" $smileyoffcheck> 禁用 Smilies<br>\n<input type=\\\"checkbox\\\" name=\\\"bbcodeoff\\\" value=\\\"1\\\" $codeoffcheck> 禁用 Discuz! 代码<br>\n<input type=\\\"checkbox\\\" name=\\\"usesig\\\" value=\\\"1\\\" $usesigcheck> 使用个人签名<br>\n<input type=\\\"checkbox\\\" name=\\\"emailnotify\\\" value=\\\"1\\\"> 接收新回复邮件通知\n</td>\n<td width=\\\"82%\\\" bgcolor=\\\"$altbg2\\\" valign=\\\"middle\\\"><textarea rows=\\\"7\\\" cols=\\\"90\\\" name=\\\"message\\\" onKeyDown=\\\"javascript: ctlent();\\\" tabindex=\\\"2\\\"></textarea><br>\n<input type=\\\"submit\\\" name=\\\"topicsubmit\\\" value=\\\"发表贴子\\\" tabindex=\\\"3\\\">&nbsp;&nbsp;&nbsp;\n<input type=\\\"submit\\\" name=\\\"previewpost\\\" value=\\\"预览贴子\\\" tabindex=\\\"4\\\">&nbsp;&nbsp;&nbsp;\n<input type=\\\"reset\\\" name=\\\"topicsreset\\\" value=\\\"清空内容\\\" tabindex=\\\"5\\\">&nbsp;&nbsp;&nbsp;[完成后可按 Ctrl+Enter 发布]</td>\n</tr></table></td></tr></table></form>');
INSERT INTO cdb_templates VALUES('30','forumdisplay_subforums','0','<table cellspacing=\\\"0\\\" cellpadding=\\\"0\\\" border=\\\"0\\\" width=\\\"$tablewidth\\\" align=\\\"center\\\"> \n<tr><td bgcolor=\\\"$bordercolor\\\"> \n\n<table border=\\\"0\\\" cellspacing=\\\"$borderwidth\\\" cellpadding=\\\"$tablespace\\\" width=\\\"100%\\\" align=\\\"center\\\"> \n<tr>\n<td width=\\\"6%\\\" class=\\\"header\\\">&nbsp;</td>\n<td width=\\\"46%\\\" class=\\\"header\\\" align=\\\"center\\\">论坛</td>\n<td width=\\\"8%\\\" class=\\\"header\\\" align=\\\"center\\\">主题</td>\n<td width=\\\"8%\\\" class=\\\"header\\\" align=\\\"center\\\">贴数</td>\n<td width=\\\"15%\\\" class=\\\"header\\\" align=\\\"center\\\">最后发表</td>\n<td width=\\\"17%\\\" class=\\\"header\\\" align=\\\"center\\\">版主</td>\n</tr>\n$forumlist\n</table>\n</td></tr></table><br>\n<br>');
INSERT INTO cdb_templates VALUES('31','forumdisplay_subforum','0','<tr align=\\\"center\\\">\n<td bgcolor=\\\"$altbg1\\\">$folder</td>\n<td bgcolor=\\\"$altbg2\\\" align=\\\"left\\\" onMouseOver =\\\"this.style.backgroundColor=\\\'$altbg1\\\'\\\" onMouseOut =\\\"this.style.backgroundColor=\\\'$altbg2\\\'\\\">\n$forum[icon]<a href=\\\"forumdisplay.php?fid=$forum[fid]\\\"><span class=\\\"bold\\\">$forum[name]</span></a>\n<br>$forum[description]</td>\n<td bgcolor=\\\"$altbg1\\\">$forum[threads]</td>\n<td bgcolor=\\\"$altbg2\\\">$forum[posts]</td>\n<td bgcolor=\\\"$altbg1\\\">$lastpostrow</td>\n<td bgcolor=\\\"$altbg2\\\" style=\\\"word-break: keep-all\\\">$forum[moderator]</td>\n</tr>');
INSERT INTO cdb_templates VALUES('32','forumdisplay_thread','0','<tr>\n<td bgcolor=\\\"$altbg2\\\" align=\\\"center\\\">$folder</td>\n<td bgcolor=\\\"$altbg1\\\" align=\\\"center\\\">$thread[icon]</td>\n<td bgcolor=\\\"$altbg2\\\" onMouseOver =\\\"this.style.backgroundColor=\\\'$altbg1\\\'\\\" onMouseOut =\\\"this.style.backgroundColor=\\\'$altbg2\\\'\\\">\n$prefix<a href=\\\"viewthread.php?tid=$thread[tid]\\\">$thread[subject]</a>$multipage2</td>\n<td bgcolor=\\\"$altbg1\\\" align=\\\"center\\\">$authorinfo</td>\n<td bgcolor=\\\"$altbg2\\\" align=\\\"center\\\">$thread[replies]</td>\n<td bgcolor=\\\"$altbg1\\\" align=\\\"center\\\">$thread[views]</td>\n<td bgcolor=\\\"$altbg2\\\">$lastpostrow</td>\n</tr>');
INSERT INTO cdb_templates VALUES('33','forumdisplay_nothreads','0','<tr><td colspan=\\\"8\\\" bgcolor=\\\"$altbg1\\\">本论坛或指定的范围内尚无主题。</td></tr>');
INSERT INTO cdb_templates VALUES('34','viewthread_poll_options','0','<tr>\n<td bgcolor=\\\"$altbg2\\\" colspan=\\\"2\\\"><input type=\\\"radio\\\" name=\\\"postopnum\\\" value=\\\"$pnum\\\" $checked> $thispoll[0]</td>\n</tr>\n<input type=\\\"hidden\\\" name=\\\"currpoll\\\" value=\\\"$thread[pollopts]\\\">');
INSERT INTO cdb_templates VALUES('35','viewthread_poll','0','<form method=\\\"post\\\" action=\\\"topicadmin.php?action=votepoll&fid=$fid&tid=$tid\\\">\n<table cellspacing=\\\"0\\\" cellpadding=\\\"0\\\" border=\\\"0\\\" width=\\\"$tablewidth\\\" align=\\\"center\\\">\n<tr><td bgcolor=\\\"$bordercolor\\\">\n\n<table border=\\\"0\\\" cellspacing=\\\"$borderwidth\\\" cellpadding=\\\"$tablespace\\\" width=\\\"100%\\\">\n<tr><td class=\\\"header\\\" colspan=\\\"2\\\">投票标题：$thread[subject]</td></tr>\n$pollhtml\n</table>\n</td></tr></table>\n\n$buttoncode\n</form>');
INSERT INTO cdb_templates VALUES('36','viewthread_post','0','<a name=\\\"pid$post[pid]\\\">\n\n<table cellspacing=\\\"0\\\" cellpadding=\\\"0\\\" border=\\\"0\\\" width=\\\"$tablewidth\\\" align=\\\"center\\\">\n<tr><td bgcolor=\\\"$bordercolor\\\">\n<table border=\\\"0\\\" cellspacing=\\\"$borderwidth\\\" cellpadding=\\\"$tablespace\\\" width=\\\"100%\\\" style=\\\"table-layout: fixed; word-wrap: break-word\\\">\n<tr bgcolor=\\\"$thisbg\\\">\n<td valign=\\\"top\\\" width=\\\"21%\\\">$ip<span class=\\\"bold\\\"\\\">$post[author]</span><br>\n$showtitle<br>$stars<br>\n$avatar<br>\n$credittitle $post[credit] $creditunit<br>\n发帖 $post[postnum] 篇<br>\n注册 $tharegdate\n$location<br>\n$personstatus</td>\n<td height=\\\"100%\\\">\n<table height=\\\"100%\\\" width=\\\"100%\\\" border=\\\"0\\\" cellspacing=\\\"0\\\" cellpadding=\\\"0\\\" style=\\\"table-layout: fixed;word-wrap: break-word\\\">\n<tr><td valign=\\\"top\\\">\n<font class=\\\"subject\\\"><span class=\\\"bold\\\">$post[subject]</span></font>$post[message]\n</td></tr></table>\n</td></tr>\n<tr bgcolor=\\\"$thisbg\\\"><td valign=\\\"middle\\\" class=\\\"smalltxt\\\">$delete $post[icon] $poston</td><td valign=\\\"middle\\\">\n<table width=\\\"100%\\\" border=\\\"0\\\" cellspacing=\\\"0\\\" cellpadding=\\\"0\\\">\n<tr class=\\\"smalltxt\\\"><td align=\\\"left\\\">\n$profile$email$site$search$u2u$oicq$icq$yahoo&nbsp;\n</td><td align=\\\"right\\\">\n$edit$repquote$reportlink$karma</td></tr></table>\n</td></tr>\n</table>\n</td></tr></table></a>');
INSERT INTO cdb_templates VALUES('37','viewthread','0','$poll\n<form name=\\\"delpost\\\" method=\\\"post\\\" action=\\\"topicadmin.php?action=delpost&fid=$fid&tid=$tid&page=$page\\\">\n<table width=\\\"$tablewidth\\\" cellspacing=\\\"0\\\" cellpadding=\\\"0\\\" align=\\\"center\\\">\n<tr><td class=\\\"multi\\\">$multipage$creditsrequire</td><td align=\\\"right\\\">\n<a href=\\\"post.php?action=newthread&fid=$fid\\\"><img src=\\\"$imgdir/newtopic.gif\\\" border=\\\"0\\\"></a>$newpolllink$replylink\n</td></tr></table>\n\n<table cellspacing=\\\"0\\\" cellpadding=\\\"0\\\" border=\\\"0\\\" width=\\\"$tablewidth\\\" align=\\\"center\\\">\n<tr><td bgcolor=\\\"$bordercolor\\\">\n\n<table border=\\\"0\\\" cellspacing=\\\"$borderwidth\\\" cellpadding=\\\"$tablespace\\\" width=\\\"100%\\\">\n<tr class=\\\"header\\\"><td width=\\\"21%\\\">作者：</td>\n\n<td><table cellspacing=\\\"0\\\" cellpadding=\\\"0\\\" border=\\\"0\\\" width=\\\"100%\\\" style=\\\"table-layout: fixed; word-wrap: break-word\\\">\n<tr style=\\\"color: $headertext\\\"><td width=\\\"80%\\\" class=\\\"bold\\\" nowrap>主题：$thread[subject]</td>\n<td align=\\\"right\\\" nowrap>$nohllink<a href=\\\"viewthread.php?fid=$fid&tid=$tid&goto=nextoldset\\\" style=\\\"color: $headertext;font-weight: normal\\\">上一主题</a> \n<a href=\\\"viewthread.php?fid=$fid&tid=$tid&goto=nextnewset\\\" style=\\\"color: $headertext;font-weight: normal\\\">下一主题</a></td>\n</tr></table></td>\n\n</tr></table></td></tr></table>\n\n$posts\n\n<table width=\\\"$tablewidth\\\" cellspacing=\\\"0\\\" cellpadding=\\\"0\\\" align=\\\"center\\\">\n<tr>\n<td class=\\\"multi\\\" valign=\\\"top\\\">$multipage</td><td align=\\\"right\\\"><br>\n<a href=\\\"post.php?action=newthread&fid=$fid\\\"><img src=\\\"$imgdir/newtopic.gif\\\" border=\\\"0\\\"></a>$newpolllink$replylink\n</td></tr></table></form>\n\n<br><table width=\\\"310\\\" cellspacing=\\\"0\\\" cellpadding=\\\"0\\\" align=\\\"center\\\">\n<td align=\\\"center\\\" bgcolor=\\\"$bordercolor\\\" width=\\\"30%\\\">\n<table border=\\\"0\\\" cellspacing=\\\"$borderwidth\\\" width=\\\"100%\\\">\n<tr><td bgcolor=\\\"$altbg2\\\" class=\\\"mediumtxt\\\" align=\\\"center\\\">\n<a href=\\\"viewthread.php?fid=$fid&tid=$tid&action=printable\\\" class=\\\"mediumtxt\\\">可打印版本</a> | \n<a href=\\\"topicadmin.php?action=emailfriend&tid=$tid\\\" class=\\\"mediumtxt\\\">推荐给朋友</a> | \n<a href=\\\"memcp.php?action=subscriptions&subadd=$tid\\\" class=\\\"mediumtxt\\\">订阅主题</a> | \n<a href=\\\"memcp.php?action=favorites&favadd=$tid\\\" class=\\\"mediumtxt\\\">收藏主题</a>\n</td></tr></table></td></tr></table><br>\n$fastpost_viewthread<br>\n<table width=\\\"$tablewidth\\\" cellspacing=\\\"0\\\" cellpadding=\\\"0\\\" align=\\\"center\\\">\n<tr><td align=\\\"left\\\">$forumjump</td><td align=\\\"right\\\">$modoptions</td>\n</tr></table><br><br>');
INSERT INTO cdb_templates VALUES('38','viewthread_fastpost','0','<script language=\\\"JavaScript\\\">\nvar postmaxchars = $maxpostsize;\nvar isadmin = $isadmin;\nfunction validate(theform) {\n        if (theform.message.value == \\\"\\\" && theform.subject.value == \\\"\\\") {\n                alert(\\\"请完成标题或内容栏。\\\");\n                return false; }\n        if (postmaxchars != 0 && isadmin != 1) {\n                if (theform.message.value.length > $maxpostsize) {\n                        alert(\\\"您的贴子长度超过限制\\\\n\\\\n当前长度：\\\"+theform.message.value.length+\\\" 字符\\\\n系统允许：$maxpostsize 字符\\\");\n                        return false; }\n                else { return true; }\n        } else { return true; }\n}\n</script>\n<form method=\\\"post\\\" name=\\\"input\\\" action=\\\"post.php?action=reply&fid=$fid&tid=$tid\\\" $enctype onSubmit=\\\"return validate(this)\\\">\n<input type=\\\"hidden\\\" name=\\\"replysubmit\\\" value=\\\"submit\\\">\n<table cellspacing=\\\"0\\\" cellpadding=\\\"0\\\" border=\\\"0\\\" width=\\\"$tablewidth\\\" align=\\\"center\\\" bgcolor=\\\"$bordercolor\\\"><tr><td>\n<table border=\\\"0\\\" cellspacing=\\\"$borderwidth\\\" cellpadding=\\\"$tablespace\\\" width=\\\"100%\\\">\n<tr><td colspan=\\\"2\\\" class=\\\"header\\\">快速回复主题</td></tr>\n<tr>\n<td width=\\\"18%\\\" bgcolor=\\\"$altbg1\\\">主题：</td>\n<td width=\\\"82%\\\" bgcolor=\\\"$altbg2\\\"><input type=\\\"text\\\" name=\\\"subject\\\" size=\\\"80\\\" value=\\\"\\\" tabindex=\\\"1\\\">&nbsp;&nbsp;(可选)</td>\n</tr>\n<tr>\n<td width=\\\"18%\\\" bgcolor=\\\"$altbg1\\\" valign=\\\"top\\\">选项：<br><br>\n<input type=\\\"checkbox\\\" name=\\\"parseurloff\\\" value=\\\"1\\\"> 禁用 URL 识别<br>\n<input type=\\\"checkbox\\\" name=\\\"smileyoff\\\" value=\\\"1\\\" $smileyoffcheck> 禁用 Smilies<br>\n<input type=\\\"checkbox\\\" name=\\\"bbcodeoff\\\" value=\\\"1\\\" $codeoffcheck> 禁用 Discuz! 代码<br>\n<input type=\\\"checkbox\\\" name=\\\"usesig\\\" value=\\\"1\\\" $usesigcheck> 使用个人签名<br>\n</td>\n<td width=\\\"82%\\\" bgcolor=\\\"$altbg2\\\"><textarea rows=\\\"7\\\" cols=\\\"90\\\" name=\\\"message\\\" onKeyDown=\\\"javascript: ctlent();\\\" tabindex=\\\"2\\\"></textarea><br>\n<input type=\\\"submit\\\" name=\\\"replysubmit\\\" value=\\\"发表回复\\\" tabindex=\\\"3\\\">&nbsp;&nbsp;&nbsp;\n<input type=\\\"submit\\\" name=\\\"previewpost\\\" value=\\\"预览贴子\\\" tabindex=\\\"4\\\">&nbsp;&nbsp;&nbsp;\n<input type=\\\"reset\\\" name=\\\"topicsreset\\\" value=\\\"清空内容\\\" tabindex=\\\"5\\\">&nbsp;&nbsp;&nbsp;[完成后可按 Ctrl+Enter 发布]</td>\n</tr></table></td></tr></table></form>');
INSERT INTO cdb_templates VALUES('39','faq_messages_smilierow','0','<tr>\n<td width=\\\"25%\\\" bgcolor=\\\"$altbg2\\\" align=\\\"center\\\">$smilie[code]</td>\n<td width=\\\"75%\\\" bgcolor=\\\"$altbg2\\\" align=\\\"center\\\"><img src=\\\"$smdir/$smilie[url]\\\"></td>\n</tr>');
INSERT INTO cdb_templates VALUES('40','faq_misc','0','<table cellspacing=\\\"0\\\" cellpadding=\\\"0\\\" border=\\\"0\\\" width=\\\"$tablewidth\\\" align=\\\"center\\\">\n<tr>\n<td bgcolor=\\\"$bordercolor\\\">\n<table border=\\\"0\\\" cellspacing=\\\"$borderwidth\\\" cellpadding=\\\"$tablespace\\\" width=\\\"100%\\\">\n<tr>\n<td width=\\\"100%\\\" class=\\\"header\\\">其他问题</td>\n</tr>\n<tr>\n<td width=\\\"100%\\\" bgcolor=\\\"$altbg2\\\">\n<ul>\n<li><a href=\\\"#1\\\">能说明一下 Discuz! 代码的用法吗？</a></li>\n<li><a href=\\\"#2\\\">普通用户如何成为版主？</a></li>\n<li><a href=\\\"#3\\\">我在 $bbname 具有哪些权限？</a></li>\n</td>\n</tr>\n</table>\n</table>\n<br>\n<table cellspacing=\\\"0\\\" cellpadding=\\\"0\\\" border=\\\"0\\\" width=\\\"$tablewidth\\\" align=\\\"center\\\">\n<tr>\n<td bgcolor=\\\"$bordercolor\\\">\n<table border=\\\"0\\\" cellspacing=\\\"$borderwidth\\\" cellpadding=\\\"$tablespace\\\" width=\\\"100%\\\">\n<tr>\n<td width=\\\"100%\\\" class=\\\"header\\\">能说明一下 Discuz! 代码的用法吗？</td>\n<a name=#1></a>\n</tr>\n<tr>\n<td width=\\\"100%\\\" bgcolor=\\\"$altbg2\\\">\n&nbsp;&nbsp;&nbsp;&nbsp;您可以使用 Discuz! 代码--一个 HTML 代码的简化版本，来简化对贴子显示格式的控制。<br><br>\n<ol type=\\\"1\\\">\n<li>[b]粗体文字 Abc[/b] &nbsp; 效果：<b>粗体文字 Abc</b> （粗体字）<br><br></li>\n<li>[i]斜体文字 Abc[/i] &nbsp; 效果：<i>斜体文字 Abc</i> （斜体字）<br><br></li>\n<li>[u]下划线文字 Abc[/u] &nbsp; 效果：<u>下划线文字 Abc</u> （下划线）<br><br></li>\n<li>[fly]飞行文字 Abc[/fly] &nbsp; （飞行文字） &nbsp; 效果：<marquee width=\\\"90%\\\" behavior=\\\"alternate\\\" scrollamount=\\\"3\\\">飞行文字 Abc</marquee><br><br></li>\n<li>[color=red]红颜色[/color] &nbsp; 效果：<font color=\\\"red\\\">红颜色</font> （改变文字颜色）<br><br></li>\n<li>[size=3]文字大小为 3[/size] &nbsp; 效果：<font size=\\\"3\\\">文字大小为 3</font> （改变文字大小）<br><br></li>\n<li>[font=仿宋]字体为仿宋[/font] &nbsp; 效果：<font face\\\"仿宋\\\">字体为仿宋</font> （改变字体）<br><br></li>\n<li>[align=Center]内容居中[/align] &nbsp; （格式内容位置） 效果：<br><center>内容居中</center><br></li>\n<li>[url]http://www.crossday.com[/url] &nbsp; 效果：<a href=\\\"http://www.crossday.com\\\" target=\\\"_blank\\\">http://www.crossday.com</a> （超级连接）<br><br></li>\n<li>[url=http://www.Discuz.net]Discuz! 论坛[/url] &nbsp; 效果：<a href=\\\"http://www.Discuz.net\\\" target=\\\"_blank\\\">Discuz! 论坛</a> （超级连接）<br><br></li>\n<li>[email]support@crossday.com[/email] &nbsp; 效果：<a href=\\\"mailto:support@crossday.com\\\">support@crossday.com</a> （E-Mail 链接）<br><br></li>\n<li>[email=support@discuz.net]Discuz! 技术支持[/email] &nbsp; 效果：<a href=\\\"mailto:support@discuz.net\\\">Discuz! 技术支持</a> （E-Mail 链接）<br><br></li>\n<li>[quote]Discuz! Board 版权所有 - Crossday Studio[/quote] &nbsp; （引用内容，类似的代码还有 [code][/code]）<br><br></li>\n<li>[hide]免费账号为：163/163[/hide] &nbsp; （按回复隐藏内容，仅限版主及管理员使用）<br>效果：只有当浏览者回复本贴时，才显示其中的内容，否则显示为“<b>**** 隐藏信息 跟贴后才能显示 *****</b>”<br><br></li>\n<li>[hide=20]免费账号为：163/163[/hide] &nbsp; （按{$credittitle}隐藏内容，仅限版主及管理员使用）<br>效果：只有当浏览者{$credittitle}高于 20 {$creditunit}时，才显示其中的内容，否则显示为“<b>**** 隐藏信息 {$credittitle}高于 20 点才能显示 ****</b>”<br><br></li>\n<li>[list]<br>\n[*]列表项 #1<br>\n[*]列表项 #2<br>\n[*]列表项 #2<br>\n[/list] &nbsp; (列表)<br><br></li>\n<br>以下 Discuz! 代码需论坛允许 [img] 代码才能使用<hr noshade size=\\\"0\\\" width=\\\"50%\\\" color=\\\"$bordercolor\\\" align=\\\"left\\\"><br>\n<li>[iframe]http://www.crossday.com[/iframe] &nbsp; （在贴子中镶嵌网页）<br><br></li>\n<li>[img]http://www.crossday.com/statdard/images/logo.gif[/img] &nbsp; （链接图像）<br>效果：<br><img src=\\\"images/standard/logo.gif\\\"> <br><br></li>\n<li>[img=88,31]http://www.crossday.com/images/logo.gif[/img] &nbsp;（链接图像并限制大小）<br> 效果：<br><img src=\\\"images/logo.gif\\\" height=\\\"31\\\" width=\\\"88\\\"> <br><br></li>\n<li>[swf]http://www.crossday.com/cdb/images/banner.swf[/swf] &nbsp; （链接 flash 动画，用法与 [img] 类似）<br><br></li>\n<li>[swf=88,31]http://www.crossday.com/cdb/images/banner.swf[/swf] &nbsp;（链接 flash 动画并限制大小，用法与 [img] 类似）<br><br></li>\n<li>[wmv][/wmv]、[mid][/mid]、[ra][/ra]、[rm][/rm] &nbsp; （用于在贴子中插入上述多媒体格式文件，用法与其他 Discuz! 代码类似）<br><br></li>\n</ol>\n</td></tr></table>\n</td></tr></table>\n<br>\n<table cellspacing=\\\"0\\\" cellpadding=\\\"0\\\" border=\\\"0\\\" width=\\\"$tablewidth\\\" align=\\\"center\\\">\n<tr>\n<td bgcolor=\\\"$bordercolor\\\">\n<table border=\\\"0\\\" cellspacing=\\\"$borderwidth\\\" cellpadding=\\\"$tablespace\\\" width=\\\"100%\\\">\n<tr>\n<td width=\\\"100%\\\" class=\\\"header\\\">普通用户如何成为版主？</td>\n<a name=#2></a>\n</tr>\n<tr>\n<td width=\\\"100%\\\" bgcolor=\\\"$altbg2\\\">\n&nbsp;&nbsp;&nbsp;&nbsp;论坛的版主是自愿申请的，管理员可能会要求版主需要达到一定{$credittitle}，或在论坛注册超过一定时间等。\n版主应该是诚实守信、乐于助人、大公无私的表率，同时还要熟悉专业，经验丰富，有良好的口碑。如果你确认已经达到上面几点，并希望担任本站\n的版主，可以与管理员联系。\n</td></tr></table>\n</td></tr></table>\n<br>\n<table cellspacing=\\\"0\\\" cellpadding=\\\"0\\\" border=\\\"0\\\" width=\\\"$tablewidth\\\" align=\\\"center\\\">\n<tr>\n<td bgcolor=\\\"$bordercolor\\\">\n<table border=\\\"0\\\" cellspacing=\\\"$borderwidth\\\" cellpadding=\\\"$tablespace\\\" width=\\\"100%\\\">\n<tr>\n<td width=\\\"100%\\\" class=\\\"header\\\">我在 $bbname 具有哪些权限？</td>\n<a name=#3></a>\n</tr>\n<tr>\n<td width=\\\"100%\\\" bgcolor=\\\"$altbg2\\\">\n&nbsp;&nbsp;&nbsp;&nbsp;本站会员等级是按照{$credittitle}区分的，Discuz! 可以依照您的发帖量，其他用户的评分，或两者综合来决定\n{$credittitle}。当{$credittitle}达到一定等级要求时，系统会自动给您升级并给予相应的权限和星星标志。下面是您{$current}的级别\n和权限详情：<br><br>\n<table cellspacing=\\\"0\\\" cellpadding=\\\"0\\\" border=\\\"0\\\" width=\\\"600\\\" align=center><tr><td bgcolor=\\\"$bordercolor\\\">\n<table border=\\\"0\\\" cellspacing=\\\"$borderwidth\\\" cellpadding=\\\"$tablespace\\\" width=\\\"100%\\\">\n$groupinfo\n</table>\n</td></tr></table><br><br>\n<form method=\\\"post\\\" action=\\\"faq.php?page=misc#3\\\">\n<table cellspacing=\\\"0\\\" cellpadding=\\\"0\\\" border=\\\"0\\\" width=\\\"600\\\" align=center><tr><td bgcolor=\\\"$bordercolor\\\">\n<table border=\\\"0\\\" cellspacing=\\\"$borderwidth\\\" cellpadding=\\\"$tablespace\\\" width=\\\"100%\\\">\n<tr><td bgcolor=\\\"$altbg1\\\" align=\\\"center\\\">查询用户组：</td>\n<td bgcolor=\\\"$altbg2\\\" align=\\\"center\\\">$groupselect</td>\n<td bgcolor=\\\"$altbg1\\\" align=\\\"center\\\">查询权限：</td>\n<td bgcolor=\\\"$altbg2\\\" align=\\\"center\\\">$permselect</td>\n<td bgcolor=\\\"$altbg1\\\" align=\\\"center\\\"><input type=\\\"submit\\\" name=\\\"searchsubmit\\\" value=\\\"查 询\\\"></td>\n</tr></table></td></tr></table></form>\n<table cellspacing=\\\"0\\\" cellpadding=\\\"0\\\" border=\\\"0\\\" width=\\\"450\\\" align=center>\n<tr><td>$grouplist</td></tr></table>\n</td></tr></table>\n</td></tr></table>');
INSERT INTO cdb_templates VALUES('41','memcp_navbar','0','<table cellpadding=\\\"0\\\" cellspacing=\\\"0\\\" border=\\\"0\\\" bgcolor=\\\"$bordercolor\\\" width=\\\"$tablewidth\\\" align=\\\"center\\\">\n<tr><td>\n<table cellspacing=\\\"$borderwidth\\\" cellpadding=\\\"$tablespace\\\" border=\\\"0\\\" width=\\\"100%\\\">\n<tr align=\\\"center\\\">\n<td bgcolor=\\\"$navcolor[home]\\\">$navlink[home]</td>\n<td bgcolor=\\\"$navcolor[profile]\\\">$navlink[profile]</td>\n<td bgcolor=\\\"$navcolor[subscriptions]\\\">$navlink[subscriptions]</td>\n<td bgcolor=\\\"$navcolor[favorites]\\\">$navlink[favorites]</td>\n<td bgcolor=\\\"$altbg2\\\"><a href=\\\"###\\\" onclick=\\\"Popup(\\\'u2u.php?sid=$sid\\\', \\\'u2u\\\', 580, 450);\\\">短 消 息</a></td>\n<td bgcolor=\\\"$altbg2\\\"><a href=\\\"###\\\" onclick=\\\"Popup(\\\'buddy.php?sid=$sid\\\', \\\'buddylist\\\', 250, 300);\\\">好友列表</a></td>\n</tr></table></td></tr></table><br>');
INSERT INTO cdb_templates VALUES('42','buddylist_buddy_online','0','<tr><td bgcolor=\\\"$altbg1\\\" align=\\\"center\\\" onMouseOver =\\\"this.style.backgroundColor=\\\'$altbg2\\\'\\\" onMouseOut =\\\"this.style.backgroundColor=\\\'$altbg1\\\'\\\"><a href=\\\"member.php?action=viewpro&username=$encodename\\\" target=\\\"_blank\\\">$buddy[buddyname]</a></td></tr>');
INSERT INTO cdb_templates VALUES('43','faq','0','<table cellspacing=\\\"0\\\" cellpadding=\\\"0\\\" border=\\\"0\\\" width=\\\"$tablewidth\\\" align=\\\"center\\\"> \n<tr><td bgcolor=\\\"$bordercolor\\\">\n\n<table border=\\\"0\\\" cellspacing=\\\"$borderwidth\\\" cellpadding=\\\"$tablespace\\\" width=\\\"100%\\\"> \n<tr>\n<td width=\\\"100%\\\" class=\\\"header\\\">用户须知</td> \n</tr>\n<tr>\n<td width=\\\"100%\\\" bgcolor=\\\"$altbg2\\\">\n<ul>\n<li><a href=\\\"faq.php?page=usermaint#1\\\">我必须要注册吗？</a></li>\n<li><a href=\\\"faq.php?page=usermaint#2\\\">Discuz! 论坛使用 Cookies 吗？</a></li>\n<li><a href=\\\"faq.php?page=usermaint#3\\\">如何使用签名？</a></li>\n<li><a href=\\\"faq.php?page=usermaint#4\\\">如何使用个性化的头像？</a></li>\n<li><a href=\\\"faq.php?page=usermaint#5\\\">如果我遗忘了密码，我该怎么办？</a></li>\n<li><a href=\\\"faq.php?page=usermaint#6\\\">什么是“短消息”？</a></li>\n</td>\n</tr>\n</table></td></tr></table>\n\n<br>\n\n<table cellspacing=\\\"0\\\" cellpadding=\\\"0\\\" border=\\\"0\\\" width=\\\"$tablewidth\\\" align=\\\"center\\\"> \n<tr><td bgcolor=\\\"$bordercolor\\\"> \n\n<table border=\\\"0\\\" cellspacing=\\\"$borderwidth\\\" cellpadding=\\\"$tablespace\\\" width=\\\"100%\\\"> \n<tr>\n<td width=\\\"100%\\\" class=\\\"header\\\">论坛使用</td> \n</tr>\n<tr>\n<td width=\\\"100%\\\" bgcolor=\\\"$altbg2\\\">\n<ul>\n<li><a href=\\\"faq.php?page=using#1\\\">在哪里可以登录？</a></li>\n<li><a href=\\\"faq.php?page=using#2\\\">在哪里可以退出？</a></li>\n<li><a href=\\\"faq.php?page=using#3\\\">我要搜索论坛，应该怎么做</a></li>\n<li><a href=\\\"faq.php?page=using#4\\\">怎样给其他人发送“短消息”？</a></li>\n<li><a href=\\\"faq.php?page=using#5\\\">怎样看到全部的会员？</a></li>\n</td>              \n</tr>\n</table></td></tr></table>\n\n<br>\n\n<table cellspacing=\\\"0\\\" cellpadding=\\\"0\\\" border=\\\"0\\\" width=\\\"$tablewidth\\\" align=\\\"center\\\"> \n<tr><td bgcolor=\\\"$bordercolor\\\"> \n\n<table border=\\\"0\\\" cellspacing=\\\"$borderwidth\\\" cellpadding=\\\"$tablespace\\\" width=\\\"100%\\\"> \n<tr>\n<td width=\\\"100%\\\" class=\\\"header\\\">读写贴子和收发短消息</td> \n</tr>\n<tr>\n<td width=\\\"100%\\\" bgcolor=\\\"$altbg2\\\">\n<ul>\n<li><a href=\\\"faq.php?page=messages#1\\\">如何发布新贴子？</a></li>\n<li><a href=\\\"faq.php?page=messages#2\\\">如何回复贴子？</a></li>\n<li><a href=\\\"faq.php?page=messages#3\\\">我能够删除主题吗？</a></li>\n<li><a href=\\\"faq.php?page=messages#4\\\">怎样编辑自己发表的贴子？</a></li>\n<li><a href=\\\"faq.php?page=messages#5\\\">我可不可以上传附件？</a></li>\n<li><a href=\\\"faq.php?page=messages#6\\\">什么是 Smilies？</a></li>\n<li><a href=\\\"faq.php?page=messages#7\\\">该怎样发起一个投票？</a></li>\n</td>\n</tr>\n</table></td></tr></table>\n\n<br>\n\n<table cellspacing=\\\"0\\\" cellpadding=\\\"0\\\" border=\\\"0\\\" width=\\\"$tablewidth\\\" align=\\\"center\\\"> \n<tr><td bgcolor=\\\"$bordercolor\\\"> \n\n<table border=\\\"0\\\" cellspacing=\\\"$borderwidth\\\" cellpadding=\\\"$tablespace\\\" width=\\\"100%\\\"> \n<tr>\n<td width=\\\"100%\\\" class=\\\"header\\\">其他问题</td> \n</tr>\n<tr>\n<td width=\\\"100%\\\" bgcolor=\\\"$altbg2\\\">\n<ul>\n<li><a href=\\\"faq.php?page=misc#1\\\">能说明一下 Discuz! 代码的用法吗？</a></li>\n<li><a href=\\\"faq.php?page=misc#2\\\">普通用户如何成为版主？</a></li>\n<li><a href=\\\"faq.php?page=misc#3\\\">我在 $bbname 具有哪些权限？</a></li>\n</td>\n</tr>\n</table></td></tr></table>');
INSERT INTO cdb_templates VALUES('44','faq_using','0','<table cellspacing=\\\"0\\\" cellpadding=\\\"0\\\" border=\\\"0\\\" width=\\\"$tablewidth\\\" align=\\\"center\\\"> \n<tr><td bgcolor=\\\"$bordercolor\\\"> \n\n<table border=\\\"0\\\" cellspacing=\\\"$borderwidth\\\" cellpadding=\\\"$tablespace\\\" width=\\\"100%\\\"> \n<tr>\n<td width=\\\"100%\\\" class=\\\"header\\\">论坛使用</td> \n</tr>\n<tr>\n<td width=\\\"100%\\\" bgcolor=\\\"$altbg2\\\">\n<ul>\n<li><a href=\\\"#1\\\">在哪里可以登录？</a></li>\n<li><a href=\\\"#2\\\">在哪里可以退出？</a></li>\n<li><a href=\\\"#3\\\">我要搜索论坛，应该怎么做？</a></li>\n<li><a href=\\\"#4\\\">怎样给其他人发送“短消息”？</a></li>\n<li><a href=\\\"#5\\\">怎样看到全部的会员？</a></li>\n</td>\n</tr>\n</table></td></tr></table>\n\n<br>\n\n<table cellspacing=\\\"0\\\" cellpadding=\\\"0\\\" border=\\\"0\\\" width=\\\"$tablewidth\\\" align=\\\"center\\\"> \n<tr><td bgcolor=\\\"$bordercolor\\\"> \n<table border=\\\"0\\\" cellspacing=\\\"$borderwidth\\\" cellpadding=\\\"$tablespace\\\" width=\\\"100%\\\"> \n<tr>\n<td width=\\\"100%\\\" class=\\\"header\\\">在哪里可以登录？</td> <a name=#1></a>\n</tr>\n<tr>\n<td width=\\\"100%\\\" bgcolor=\\\"$altbg2\\\">\n&nbsp;&nbsp;&nbsp;&nbsp;如果您尚未登录，点击左上角的“登录”，输入用户名和密码，确定即可。\n</td>\n</tr>\n</table></td></tr></table>\n        \n<br>\n\n<table cellspacing=\\\"0\\\" cellpadding=\\\"0\\\" border=\\\"0\\\" width=\\\"$tablewidth\\\" align=\\\"center\\\"> \n<tr><td bgcolor=\\\"$bordercolor\\\"> \n<table border=\\\"0\\\" cellspacing=\\\"$borderwidth\\\" cellpadding=\\\"$tablespace\\\" width=\\\"100%\\\"> \n<tr>\n<td width=\\\"100%\\\" class=\\\"header\\\">在哪里可以退出？</td><a name=#2></a>\n</tr>\n<tr>\n<td width=\\\"100%\\\" bgcolor=\\\"$altbg2\\\">\n&nbsp;&nbsp;&nbsp;&nbsp;如果您已经登录，点击左上角的“退出”，系统会清除 Cookies，退出登录状态。\n</td>\n</tr>\n</table></td></tr></table>\n        \n<br>\n\n<table cellspacing=\\\"0\\\" cellpadding=\\\"0\\\" border=\\\"0\\\" width=\\\"$tablewidth\\\" align=\\\"center\\\"> \n<tr><td bgcolor=\\\"$bordercolor\\\"> \n<table border=\\\"0\\\" cellspacing=\\\"$borderwidth\\\" cellpadding=\\\"$tablespace\\\" width=\\\"100%\\\"> \n<tr>\n<td width=\\\"100%\\\" class=\\\"header\\\">我要搜索论坛，应该怎么做？</td><a name=#3></a>\n</tr>\n<tr>\n<td width=\\\"100%\\\" bgcolor=\\\"$altbg2\\\">\n&nbsp;&nbsp;&nbsp;&nbsp;点击上面的 <a href=\\\"misc.php?action=search\\\">论坛搜索</a>，输入想搜索的文字内容并选择一个范围，就可以检索到相关的贴子。\n</td>\n</tr>\n</table></td></tr></table>\n        \n<br>\n\n<table cellspacing=\\\"0\\\" cellpadding=\\\"0\\\" border=\\\"0\\\" width=\\\"$tablewidth\\\" align=\\\"center\\\"> \n<tr><td bgcolor=\\\"$bordercolor\\\"> \n<table border=\\\"0\\\" cellspacing=\\\"$borderwidth\\\" cellpadding=\\\"$tablespace\\\" width=\\\"100%\\\"> \n<tr>\n<td width=\\\"100%\\\" class=\\\"header\\\">怎样给其他人发送“短消息”？</td><a name=#4></a>\n</tr>\n<tr>\n<td width=\\\"100%\\\" bgcolor=\\\"$altbg2\\\">\n&nbsp;&nbsp;&nbsp;&nbsp;如果您已登录，菜单上会显示出 <a href=\\\"###\\\" onclick=\\\"Popup(\\\'u2u.php?sid=$sid\\\', \\\'u2u\\\', 580, 450);\\\">短消息</a> 项，点击后弹出短消息窗口，通过类似发送邮件一样的填写，点“发送”，消息就被发到对方收件箱中了。当他/她再次登录论坛时，系统将提示他/她收信息。</td>\n</tr>\n</table></td></tr></table>\n<br>\n<table cellspacing=\\\"0\\\" cellpadding=\\\"0\\\" border=\\\"0\\\" width=\\\"$tablewidth\\\" align=\\\"center\\\"> \n<tr><td bgcolor=\\\"$bordercolor\\\"> \n<table border=\\\"0\\\" cellspacing=\\\"$borderwidth\\\" cellpadding=\\\"$tablespace\\\" width=\\\"100%\\\"> \n<tr>\n<td width=\\\"100%\\\" class=\\\"header\\\">怎样看到全部的会员？</td><a name=#5></a>\n</tr>\n<tr>\n<td width=\\\"100%\\\" bgcolor=\\\"$altbg2\\\">\n&nbsp;&nbsp;&nbsp;&nbsp;您可以通过点击 <a href=\\\"member.php?action=list\\\">会员</a> 查看所有的会员及其资料，并可实现会员资料的检索和排序输出。</td>\n</tr>\n</table></td></tr></table>');
INSERT INTO cdb_templates VALUES('45','faq_messages','0','<table cellspacing=\\\"0\\\" cellpadding=\\\"0\\\" border=\\\"0\\\" width=\\\"$tablewidth\\\" align=\\\"center\\\"> \n<tr><td bgcolor=\\\"$bordercolor\\\"> \n\n<table border=\\\"0\\\" cellspacing=\\\"$borderwidth\\\" cellpadding=\\\"$tablespace\\\" width=\\\"100%\\\"> \n<tr>\n<td width=\\\"100%\\\" class=\\\"header\\\">读写贴子和收发短消息</td> \n</tr>\n<tr>\n<td width=\\\"100%\\\" bgcolor=\\\"$altbg2\\\">\n<ul>\n<li><a href=\\\"#1\\\">如何发布新贴子？</a></li>\n<li><a href=\\\"#2\\\">如何回复贴子？</a></li>\n<li><a href=\\\"#3\\\">我能够删除主题吗？</a></li>\n<li><a href=\\\"#4\\\">怎样编辑自己发表的贴子？</a></li>\n<li><a href=\\\"#5\\\">我可不可以上传附件？</a></li>\n<li><a href=\\\"#6\\\">什么是 Smilies？</a></li>\n<li><a href=\\\"#7\\\">该怎样发起一个投票？</a></li>\n</td>\n</tr>\n</table></td></tr></table>\n<br>\n<table cellspacing=\\\"0\\\" cellpadding=\\\"0\\\" border=\\\"0\\\" width=\\\"$tablewidth\\\" align=\\\"center\\\"> \n<tr><td bgcolor=\\\"$bordercolor\\\"> \n<table border=\\\"0\\\" cellspacing=\\\"$borderwidth\\\" cellpadding=\\\"$tablespace\\\" width=\\\"100%\\\"> \n<tr>\n<td width=\\\"100%\\\" class=\\\"header\\\">如何发布新贴子？</td><a name=#1></a>\n</tr>\n<tr>\n<td width=\\\"100%\\\" bgcolor=\\\"$altbg2\\\">\n&nbsp;&nbsp;&nbsp;&nbsp;在论坛板块中，点“发新贴”即可进入功能齐全的发帖界面。当然您也可以使用板块下面的“快速发帖”发表新帖(如果此选项打开)。注意，一般论坛都设置为需要登录后才能发帖。\n</td>\n</tr>\n</table></td></tr></table>\n<br>\n<table cellspacing=\\\"0\\\" cellpadding=\\\"0\\\" border=\\\"0\\\" width=\\\"$tablewidth\\\" align=\\\"center\\\"> \n<tr><td bgcolor=\\\"$bordercolor\\\"> \n<table border=\\\"0\\\" cellspacing=\\\"$borderwidth\\\" cellpadding=\\\"$tablespace\\\" width=\\\"100%\\\"> \n<tr>\n<td width=\\\"100%\\\" class=\\\"header\\\">如何回复贴子？</td><a name=#2></a>\n</tr>\n<tr>\n<td width=\\\"100%\\\" bgcolor=\\\"$altbg2\\\">\n&nbsp;&nbsp;&nbsp;&nbsp;在浏览贴子时，点“回复贴子”即可进入功能齐全的回复界面。当然您也可以使用板块下面的“快速回复”发表回复(如果此选项打开)。注意，一般论坛都设置为需要登录后才能回复。\n</td>\n</tr>\n</table></td></tr></table>        \n<br>\n<table cellspacing=\\\"0\\\" cellpadding=\\\"0\\\" border=\\\"0\\\" width=\\\"$tablewidth\\\" align=\\\"center\\\"> \n<tr><td bgcolor=\\\"$bordercolor\\\"> \n<table border=\\\"0\\\" cellspacing=\\\"$borderwidth\\\" cellpadding=\\\"$tablespace\\\" width=\\\"100%\\\"> \n<tr>\n<td width=\\\"100%\\\" class=\\\"header\\\">我能够删除主题吗？</td><a name=#3></a>\n</tr>\n<tr>\n<td width=\\\"100%\\\" bgcolor=\\\"$altbg2\\\">\n&nbsp;&nbsp;&nbsp;&nbsp;浏览贴子时可以按下面的“编辑贴子”，对于您自己发表的贴子，可以很容易的编辑和删除。但当这贴是整个主题的起始贴时，则会删除该主题和全部回复。\n</td>\n</tr>\n</table></td></tr></table>\n<br>\n<table cellspacing=\\\"0\\\" cellpadding=\\\"0\\\" border=\\\"0\\\" width=\\\"$tablewidth\\\" align=\\\"center\\\"> \n<tr><td bgcolor=\\\"$bordercolor\\\"> \n<table border=\\\"0\\\" cellspacing=\\\"$borderwidth\\\" cellpadding=\\\"$tablespace\\\" width=\\\"100%\\\"> \n<tr>\n<td width=\\\"100%\\\" class=\\\"header\\\">怎样编辑自己发表的贴子？</td><a name=#4></a>\n</tr>\n<tr>\n<td width=\\\"100%\\\" bgcolor=\\\"$altbg2\\\">\n&nbsp;&nbsp;&nbsp;&nbsp;和上面一样，用“编辑贴子”就可以编辑自己发表的贴子。如果管理员通过论坛设置将这个功能屏蔽掉则不再可以进行此操作。\n</td>\n</tr>\n</table></td></tr></table>\n<br>\n<table cellspacing=\\\"0\\\" cellpadding=\\\"0\\\" border=\\\"0\\\" width=\\\"$tablewidth\\\" align=\\\"center\\\"> \n<tr><td bgcolor=\\\"$bordercolor\\\"> \n<table border=\\\"0\\\" cellspacing=\\\"$borderwidth\\\" cellpadding=\\\"$tablespace\\\" width=\\\"100%\\\"> \n<tr>\n<td width=\\\"100%\\\" class=\\\"header\\\">我可不可以上传附件？</td> <a name=#5></a>\n</tr>\n<tr>\n<td width=\\\"100%\\\" bgcolor=\\\"$altbg2\\\">\n&nbsp;&nbsp;&nbsp;&nbsp;可以。您可以在任何允许上传附件的板块中，通过发新贴、或者回复的方式上传附件（只要您的权限足够）。附件必须在系统限定尺寸以下才能上传。\n</td>\n</tr>\n</table></td></tr></table>        \n<br>\n<table cellspacing=\\\"0\\\" cellpadding=\\\"0\\\" border=\\\"0\\\" width=\\\"$tablewidth\\\" align=\\\"center\\\"> \n<tr><td bgcolor=\\\"$bordercolor\\\"> \n<table border=\\\"0\\\" cellspacing=\\\"$borderwidth\\\" cellpadding=\\\"$tablespace\\\" width=\\\"100%\\\"> \n<tr>\n<td width=\\\"100%\\\" class=\\\"header\\\">什么是 Smilies？</td><a name=#6></a>\n</tr>\n<tr>\n<td width=\\\"100%\\\" bgcolor=\\\"$altbg2\\\">\n&nbsp;&nbsp;&nbsp;&nbsp;Smilies 是一些用字符表示的表情符号，如果打开 Smilies 功能，Discuz! 会把一些符号转换成小图像，显示在贴子中，更加美观明了。目前支持下面这些 Smilies：<br>\n<table cellspacing=\\\"0\\\" cellpadding=\\\"0\\\" border=\\\"0\\\" width=\\\"50%\\\" align=\\\"center\\\">\n<tr><td bgcolor=\\\"$bordercolor\\\">\n<table border=\\\"0\\\" cellspacing=\\\"$borderwidth\\\" cellpadding=\\\"$tablespace\\\" width=\\\"100%\\\">\n<tr>\n<td width=\\\"25%\\\" class=\\\"header\\\" align=\\\"center\\\">表情符号</td>\n<td width=\\\"75%\\\" class=\\\"header\\\" align=\\\"center\\\">对应图像</td>\n</tr>\n$smilierows\n</table></td></tr></table></td>\n</tr>\n</table></td></tr></table>\n<br>\n<table cellspacing=\\\"0\\\" cellpadding=\\\"0\\\" border=\\\"0\\\" width=\\\"$tablewidth\\\" align=\\\"center\\\"> \n<tr><td bgcolor=\\\"$bordercolor\\\"> \n<table border=\\\"0\\\" cellspacing=\\\"$borderwidth\\\" cellpadding=\\\"$tablespace\\\" width=\\\"100%\\\"> \n<tr>\n<td width=\\\"100%\\\" class=\\\"header\\\">该怎样发起一个投票？</td><a name=#7></a>\n</tr>\n<tr>\n<td width=\\\"100%\\\" bgcolor=\\\"$altbg2\\\">\n&nbsp;&nbsp;&nbsp;&nbsp;您可以像发帖一样在板块中发起投票。每行输入一个可能的选项（最多10个），您可以通过阅读这个投票贴选出自己的答案，每人只能投票一次，之后将不能再对您的选择做出更改。<br><br>\n&nbsp;&nbsp;&nbsp;&nbsp;管理员拥有随时取消投票的权力。\n</td>\n</tr>\n</table></td></tr></table>');
INSERT INTO cdb_templates VALUES('46','buddylist_buddy_offline','0','<tr><td bgcolor=\\\"$altbg1\\\" align=\\\"center\\\" onMouseOver =\\\"this.style.backgroundColor=\\\'$altbg2\\\'\\\" onMouseOut =\\\"this.style.backgroundColor=\\\'$altbg1\\\'\\\"><a href=\\\"member.php?action=viewpro&username=$encodename\\\" target=\\\"_blank\\\">$buddy[buddyname]</a></td></tr>');
INSERT INTO cdb_templates VALUES('47','buddylist','1','<html>\r\n<head>\r\n<meta http-equiv=\\\"Content-Type\\\" content=\\\"text/html; charset=$charset\\\">\r\n<meta name=\\\"generator\\\" content=\\\"Discuz! Board $version\\\">\r\n\r\n$css\r\n<title>$bbname - Powered by Discuz! Board</title>\r\n</head>\r\n<body>\r\n\r\n<table cellspacing=\\\"0\\\" cellpadding=\\\"0\\\" border=\\\"0\\\" width=\\\"96%\\\" align=\\\"center\\\">\r\n<tr><td bgcolor=\\\"$bordercolor\\\">\r\n\r\n<table border=\\\"0\\\" cellspacing=\\\"$borderwidth\\\" cellpadding=\\\"$tablespace\\\" width=\\\"100%\\\">\r\n<tr>\r\n<td class=\\\"header\\\">好友列表</td>\r\n</tr>\r\n<tr><td bgcolor=\\\"$altbg1\\\">\r\n<table border=\\\"0\\\" cellspacing=\\\"$borderwidth\\\" cellpadding=\\\"$tablespace\\\" width=\\\"98%\\\">\r\n<tr>\r\n<td bgcolor=\\\"$altbg2\\\" colspan=\\\"2\\\"><span class=\\\"bold\\\"><center>Online</center></span></td>\r\n</tr>\r\n$buddys[online]\r\n<tr>\r\n<td bgcolor=\\\"$altbg2\\\" colspan=\\\"2\\\"><span class=\\\"bold\\\"><center>Offline</center></span></td>\r\n</tr>\r\n$buddys[offline]\r\n</table>\r\n<tr>\r\n<td bgcolor=\\\"$altbg2\\\"><span class=\\\"bold\\\"><a href=\\\"buddy.php\\\"><center>刷新好友列表</center></a></span></td>\r\n</tr>\r\n</table>\r\n</td></tr></table>\r\n<br>\r\n<table cellspacing=\\\"0\\\" cellpadding=\\\"0\\\" border=\\\"0\\\" width=\\\"96%\\\" align=\\\"center\\\">\r\n<tr><td bgcolor=\\\"$bordercolor\\\">\r\n\r\n<table border=\\\"0\\\" cellspacing=\\\"$borderwidth\\\" cellpadding=\\\"$tablespace\\\" width=\\\"100%\\\">\r\n<tr>\r\n<td bgcolor=\\\"$altbg1\\\" align=\\\"center\\\">\r\n<a href=\\\"buddy.php\\\">好友列表</a><br>\r\n<a href=\\\"buddy.php?action=edit\\\">编辑好友列表</a>\r\n</td>\r\n</tr></table>\r\n</td></tr></table>\r\n\r\n</body>\r\n</html>');
INSERT INTO cdb_templates VALUES('48','buddylist_edit','0','<html>\n<head>\n<meta http-equiv=\\\"Content-Type\\\" content=\\\"text/html; charset=$charset\\\">\n<meta name=\\\"generator\\\" content=\\\"Discuz! Board $version\\\">\n\n$css\n<title>$bbname - Powered by Discuz! Board</title>\n</head>\n<body>\n\n<form method=\\\"post\\\" action=\\\"buddy.php?action=edit\\\">\n<table cellspacing=\\\"0\\\" cellpadding=\\\"0\\\" border=\\\"0\\\" width=\\\"96%\\\" align=\\\"center\\\">\n<tr><td bgcolor=\\\"$bordercolor\\\">\n\n<table border=\\\"0\\\" cellspacing=\\\"$borderwidth\\\" cellpadding=\\\"$tablespace\\\" width=\\\"100%\\\">\n<tr>\n<td class=\\\"header\\\">编辑好友列表</td>\n</tr>\n<tr><td bgcolor=\\\"$altbg1\\\">\n<table width=\\\"98%\\\">\n<tr><center>\n$buddys\n<tr><td bgcolor=\\\"$altbg1\\\" colspan=\\\"2\\\" align=\\\"center\\\"><input type=\\\"text\\\" name=\\\"newbuddy1\\\" value=\\\"\\\"></td></tr>\n<tr><td bgcolor=\\\"$altbg1\\\" colspan=\\\"2\\\" align=\\\"center\\\"><input type=\\\"text\\\" name=\\\"newbuddy2\\\" value=\\\"\\\"></td></tr>\n</table>\n<tr>\n<td bgcolor=\\\"$altbg2\\\"><center><input type=\\\"submit\\\" name=\\\"editsubmit\\\" value=\\\"更 新\\\"></td>\n</tr>\n</table>\n</td></tr></table></form>\n<br>\n<table cellspacing=\\\"0\\\" cellpadding=\\\"0\\\" border=\\\"0\\\" width=\\\"96%\\\" align=\\\"center\\\">\n<tr> <td bgcolor=\\\"$bordercolor\\\">\n\n<table border=\\\"0\\\" cellspacing=\\\"$borderwidth\\\" cellpadding=\\\"$tablespace\\\" width=\\\"100%\\\">\n<tr>\n<td bgcolor=\\\"$altbg1\\\">\n<font class=\\\"12px\\\">\n<div align=\\\"center\\\">\n<a href=\\\"buddy.php\\\">好友列表</a><br><a href=\\\"buddy.php?action=edit\\\">编辑好友列表</a>\n</font></div></td>\n</tr></table>\n</td></tr></table>\n\n</body>\n</html>');
INSERT INTO cdb_templates VALUES('49','u2u_row','0','<tr>\n<td bgcolor=\\\"$altbg1\\\" align=\\\"center\\\"><input type=\\\"checkbox\\\" name=\\\"delete$message[u2uid]\\\" value=\\\"$message[u2uid]\\\"></td>\n<td bgcolor=\\\"$altbg2\\\" onMouseOver =\\\"this.style.backgroundColor=\\\'$altbg1\\\'\\\" onMouseOut =\\\"this.style.backgroundColor=\\\'$altbg2\\\'\\\"><a href=\\\"u2u.php?action=view&u2uid=$message[u2uid]\\\">$message[subject]</a></td>\n<td bgcolor=\\\"$altbg1\\\" align=\\\"center\\\">$message[msgfrom]</td>\n<td bgcolor=\\\"$altbg2\\\" align=\\\"center\\\"><span class=\\\"smalltxt\\\">$senton</span></td>\n</tr>');
INSERT INTO cdb_templates VALUES('50','buddylist_edit_buddy','0','<tr><td bgcolor=\\\"$altbg1\\\"><input type=\\\"checkbox\\\" name=\\\"delete$buddy[buddyname]\\\" value=\\\"$buddy[buddyname]\\\"></td><td bgcolor=\\\"$altbg1\\\">$buddy[buddyname]</td></tr>');
INSERT INTO cdb_templates VALUES('51','buddylist_message','0','<html>\n<head>\n<meta http-equiv=\\\"Content-Type\\\" content=\\\"text/html; charset=$charset\\\">\n<meta name=\\\"generator\\\" content=\\\"Discuz! Board $version\\\">\n$url_redirect\n$css\n<title>$bbname - Powered by Discuz! Board</title>\n</head>\n<body>\n\n<table cellspacing=\\\"0\\\" cellpadding=\\\"0\\\" border=\\\"0\\\" width=\\\"96%\\\" height=\\\"250\\\" align=\\\"center\\\">\n<tr><td valign=\\\"middle\\\">\n\n<table border=\\\"0\\\" bgcolor=\\\"$bordercolor\\\" cellspacing=\\\"$borderwidth\\\" cellpadding=\\\"$tablespace\\\" width=\\\"100%\\\">\n<tr>\n<td bgcolor=\\\"$altbg1\\\" align=\\\"center\\\">\n<span class=\\\"smalltxt\\\">\n$message\n$redirectjs\n</span></td>\n</tr></table>\n</td></tr></table>\n</body></html>');
INSERT INTO cdb_templates VALUES('52','u2u','0','$u2uheader\n<form method=\\\"post\\\" action=\\\"u2u.php?action=delete\\\">\n<table cellspacing=\\\"0\\\" cellpadding=\\\"0\\\" border=\\\"0\\\" width=\\\"98%\\\" align=\\\"center\\\">\n<tr><td class=\\\"multi\\\">$multipage</td></tr>\n\n<tr><td bgcolor=\\\"$bordercolor\\\">\n<table border=\\\"0\\\" cellspacing=\\\"$borderwidth\\\" cellpadding=\\\"$tablespace\\\" width=\\\"100%\\\">\n<tr><td class=\\\"header\\\" colspan=\\\"4\\\" align=\\\"center\\\">$inboxoutbox</td></tr>\n<tr class=\\\"header\\\" align=\\\"center\\\">\n<td width=\\\"45\\\"><input type=\\\"checkbox\\\" name=\\\"chkall\\\" class=\\\"header\\\" onclick=\\\"checkall(this.form)\\\">删?</td>\n<td width=\\\"50%\\\">主题</td>\n<td>$tofrom</td>\n<td>发送日期</td>\n</tr>\n$messages\n</table></td></tr>\n<tr><td class=\\\"multi\\\">$multipage</td></tr>\n</table><br>\n<input type=\\\"hidden\\\" name=\\\"folder\\\" value=\\\"$folder\\\">\n<input type=\\\"submit\\\" name=\\\"alldel\\\" value=\\\"更 新\\\">\n</form>\n$u2ufooter');
INSERT INTO cdb_templates VALUES('53','u2u_header','0','<html>\n<head>\n<meta http-equiv=\\\"Content-Type\\\" content=\\\"text/html; charset=$charset\\\">\n<meta name=\\\"generator\\\" content=\\\"Discuz! Board $version\\\">\n$url_redirect\n$css\n<script language=\\\"JavaScript\\\">\nfunction ctlent(obj) {if((event.ctrlKey && window.event.keyCode == 13) || (event.altKey && window.event.keyCode == 83)) {this.document.input.submit();}}\nfunction checkall(form) {for(var i = 0;i < form.elements.length; i++) {var e = form.elements[i];if (e.name != \\\'chkall\\\') e.checked = form.chkall.checked;}}\nfunction findobj(n, d) {var p,i,x; if(!d) d=document; if((p=n.indexOf(\\\"?\\\"))>0&&parent.frames.length) {d=parent.frames[n.substring(p+1)].document; n=n.substring(0,p);} if(!(x=d[n])&&d.all) x=d.all[n]; for(i=0;!x&&i<d.forms.length;i++) x=d.forms[i][n]; for(i=0;!x&&d.layers&&i>d.layers.length;i++) x=MM_findObj(n,d.layers[i].document); return x;}\nfunction copycode(obj) {var rng = document.body.createTextRange();rng.moveToElementText(obj);rng.scrollIntoView();rng.select();rng.execCommand(\\\"Copy\\\");rng.collapse(false);}\n</script>\n\n<title>$bbname - Powered by Discuz! Board</title>\n</head>\n<body>\n\n<font class=\\\"mediumtxt\\\">\n<div align=\\\"center\\\" class=\\\"mediumtxt\\\">\n<a href=\\\"u2u.php\\\" class=\\\"mediumtxt\\\">收件箱</a> -\n<a href=\\\"u2u.php?folder=outbox\\\" class=\\\"mediumtxt\\\">发件箱</a> -\n<a href=\\\"u2u.php?action=send\\\" class=\\\"mediumtxt\\\">发送短消息</a> -\n<a href=\\\"u2u.php?action=ignore\\\" class=\\\"mediumtxt\\\">忽略列表</a>\n</font><br><br>');
INSERT INTO cdb_templates VALUES('54','u2u_footer','0','<br><br><font class=\\\"mediumtxt\\\">\n<a href=\\\"u2u.php\\\" class=\\\"mediumtxt\\\">收件箱</a> -\n<a href=\\\"u2u.php?folder=outbox\\\" class=\\\"mediumtxt\\\">发件箱</a> -\n<a href=\\\"u2u.php?action=send\\\" class=\\\"mediumtxt\\\">发送短消息</a> -\n<a href=\\\"u2u.php?action=ignore\\\" class=\\\"mediumtxt\\\">忽略列表</a>\n</body>\n</html>');
INSERT INTO cdb_templates VALUES('55','u2u_send_buddylist','0','<tr><td bgcolor=\\\"$altbg1\\\" valign=\\\"top\\\" id=\\\"buddy\\\">好友群发：<br>\n全部好友<input type=\\\"checkbox\\\" name=\\\"chkall\\\" onclick=\\\"for(var i = 0;i < form.elements.length; i++) {var e = form.elements[i];\nif (e.name != \\\'chkall\\\' && e.name != \\\'saveoutbox\\\') e.checked = form.chkall.checked;}\\\"></td>\n<td bgcolor=\\\"$altbg2\\\">\n<table border=\\\"0\\\" cellspacing=\\\"0\\\" cellpadding=\\\"0\\\" width=\\\"100%\\\">$msgtob</table>\n</td></tr>');
INSERT INTO cdb_templates VALUES('56','u2u_send','0','$u2uheader\n<form method=\\\"post\\\" name=\\\"input\\\" action=\\\"u2u.php?action=send\\\">\n<input type=\\\"hidden\\\" name=\\\"u2usubmit\\\" value=\\\"submit\\\">\n\n<table cellspacing=\\\"0\\\" cellpadding=\\\"0\\\" border=\\\"0\\\" width=\\\"98%\\\" align=\\\"center\\\">\n<tr> <td bgcolor=\\\"$bordercolor\\\">\n\n<table border=\\\"0\\\" cellspacing=\\\"$borderwidth\\\" cellpadding=\\\"$tablespace\\\" width=\\\"100%\\\">\n<tr>\n<td width=\\\"100%\\\" colspan=\\\"2\\\" class=\\\"header\\\">发送短消息</td>\n</tr>\n\n<tr><td bgcolor=\\\"$altbg1\\\" width=\\\"18%\\\">收件人：</td>\n<td bgcolor=\\\"$altbg2\\\" width=\\\"82%\\\"><input type=\\\"text\\\" name=\\\"msgtoa\\\" size=\\\"50\\\" value=\\\"$touser\\\"></td></tr>\n\n$buddylist\n\n<tr>\n<td bgcolor=\\\"$altbg1\\\">主题：</td>\n<td bgcolor=\\\"$altbg2\\\"><input type=\\\"text\\\" name=\\\"subject\\\" size=\\\"65\\\" value=\\\"$subject\\\"></td>\n</tr>\n\n<tr>\n<td valign=\\\"top\\\" bgcolor=\\\"$altbg1\\\">消息内容：</td>\n<td bgcolor=\\\"$altbg2\\\"><textarea rows=\\\"8\\\" name=\\\"message\\\" cols=\\\"65\\\" onKeyDown=\\\"javascript: ctlent();\\\">$message</textarea><BR>\n<input type=\\\"checkbox\\\" name=\\\"saveoutbox\\\" value=\\\"1\\\">保存到发件箱中 &nbsp; [完成后可按 Ctrl+Enter 发布]</td>\n</tr>\n\n</table>\n</td></tr></table><br>\n<input type=\\\"submit\\\" name=\\\"u2usubmit\\\" value=\\\"发送短消息\\\">\n</form>\n$u2ufooter');
INSERT INTO cdb_templates VALUES('57','u2u_ignore','0','$u2uheader\n<form method=\\\"post\\\" action=\\\"u2u.php?action=ignoresubmit\\\">\n<table cellspacing=\\\"0\\\" cellpadding=\\\"0\\\" border=\\\"0\\\" width=\\\"98%\\\" align=\\\"center\\\">\n<tr><td bgcolor=\\\"$bordercolor\\\">\n\n<table border=\\\"0\\\" cellspacing=\\\"$borderwidth\\\" cellpadding=\\\"$tablespace\\\" width=\\\"100%\\\">\n<tr><td class=\\\"header\\\" colspan=\\\"2\\\">忽略列表</td></tr>\n\n<tr>\n<td bgcolor=\\\"$altbg1\\\">忽略列表：<br>添加多个忽略人员名单时用逗号 \\\",\\\" 隔开(如：张三,李四,王五等)。当这些被添加的忽略用户给您发送短消息时将不予接收。</td>\n<td bgcolor=\\\"$altbg2\\\"><textarea rows=\\\"5\\\" cols=\\\"30\\\" name=\\\"ignorelist\\\">$mem[ignoreu2u]</textarea></td>\n</tr>\n\n</table>\n</td></tr></table><br>\n<input type=\\\"submit\\\" value=\\\"更 新\\\">\n</form>\n$u2ufooter');
INSERT INTO cdb_templates VALUES('58','u2u_view_refwdlinks','0','<tr>\n<td bgcolor=\\\"$altbg1\\\" colspan=\\\"2\\\"><a href=\\\"u2u.php?action=send&u2uid=$u2uid&do=reply\\\">回复</a> - <a href=\\\"u2u.php?action=send&u2uid=$u2uid&do=forward\\\">转发</a></td>\n</tr>');
INSERT INTO cdb_templates VALUES('59','u2u_message','0','$u2uheader\n<table cellspacing=\\\"0\\\" cellpadding=\\\"0\\\" border=\\\"0\\\" width=\\\"98%\\\" align=\\\"center\\\">\n<tr> <td bgcolor=\\\"$bordercolor\\\">\n\n<table border=\\\"0\\\" cellspacing=\\\"$borderwidth\\\" cellpadding=\\\"$tablespace\\\" width=\\\"100%\\\">\n<tr>\n<td bgcolor=\\\"$altbg1\\\">\n<font class=\\\"12px\\\">\n<div align=\\\"center\\\">\n$message\n$redirectjs\n</font></div></td>\n</tr></table>\n</td></tr></table>\n$u2ufooter');
INSERT INTO cdb_templates VALUES('60','u2u_view','0','$u2uheader\n<form method=\\\"post\\\" action=\\\"u2u.php?action=delete\\\">\n<table cellspacing=\\\"0\\\" cellpadding=\\\"0\\\" border=\\\"0\\\" width=\\\"98%\\\" align=\\\"center\\\">\n<tr>\n<td bgcolor=\\\"$bordercolor\\\">\n\n<table border=\\\"0\\\" cellspacing=\\\"$borderwidth\\\" cellpadding=\\\"$tablespace\\\" width=\\\"100%\\\">\n<tr>\n<td  class=\\\"header\\\" colspan=\\\"2\\\">$u2u[subject]</td>\n</tr>\n\n<tr>\n<td bgcolor=\\\"$altbg1\\\">发信人：</td>\n<td bgcolor=\\\"$altbg2\\\">$u2u[msgfrom]</td>\n</tr>\n\n<tr>\n<td bgcolor=\\\"$altbg1\\\">收信人：</td>\n<td bgcolor=\\\"$altbg2\\\">$u2u[msgto]</td>\n</tr>\n\n<tr>\n<td bgcolor=\\\"$altbg1\\\">发送日期：</td>\n<td bgcolor=\\\"$altbg2\\\">$dateline</td>\n</tr>\n\n<tr>\n<td valign=\\\"top\\\" bgcolor=\\\"$altbg1\\\" width=\\\"15%\\\">消息内容：</td>\n<td bgcolor=\\\"$altbg2\\\">$u2u[message]</td>\n</tr>\n$refwdlinks\n</table>\n</center></div></td>\n</tr>\n</table><br>\n<input type=\\\"hidden\\\" name=\\\"u2uid\\\" value=\\\"$u2uid\\\">\n<input type=\\\"submit\\\" name=\\\"imsubmit\\\" value=\\\"删 除\\\"></form>\n$u2ufooter');
INSERT INTO cdb_templates VALUES('61','misc_search','0','<form method=\\\"post\\\" action=\\\"misc.php?action=search\\\">\n<table cellspacing=\\\"0\\\" cellpadding=\\\"0\\\" border=\\\"0\\\" width=\\\"$tablewidth\\\" align=\\\"center\\\">\n<tr><td bgcolor=\\\"$bordercolor\\\">\n\n<table border=\\\"0\\\" cellspacing=\\\"$borderwidth\\\" cellpadding=\\\"$tablespace\\\" width=\\\"100%\\\">\n<tr class=\\\"header\\\">\n<td colspan=\\\"4\\\">论坛搜索</td>\n</tr>\n\n<tr>\n<td bgcolor=\\\"$altbg1\\\" width=\\\"15%\\\" valign=\\\"top\\\">关 键 字：</td>\n<td bgcolor=\\\"$altbg2\\\" colspan=\\\"3\\\"><input type=\\\"text\\\" name=\\\"srchtxt\\\" size=\\\"25\\\" maxlength=\\\"40\\\">\n&nbsp;&nbsp;&nbsp;关键字中可使用通配符 \\\"*\\\" 匹配，如 \\\"想去*和*约会\\\"\n<br><br>同时匹配多个关键字，请用空格 \\\" \\\"、加号 \\\"+\\\"、\\\"&\\\" 或 \\\"AND\\\" 连接。如 windows AND unix\n<br>匹配多个关键字其中部分，请用 \\\"|\\\" 或 \\\"OR\\\" 连接。如 windows OR unix\n</td>\n</tr>        \n\n<tr>\n<td bgcolor=\\\"$altbg1\\\" width=\\\"15%\\\">搜索用户：</td>\n<td bgcolor=\\\"$altbg2\\\" colspan=\\\"3\\\"><input type=\\\"text\\\" name=\\\"srchuname\\\" size=\\\"25\\\" maxlength=\\\"40\\\">\n&nbsp;&nbsp;&nbsp;如需部分匹配用户名，请使用 \\\"*\\\"，如 *user*name*\n</td>\n</tr>\n\n<tr>\n<td bgcolor=\\\"$altbg1\\\" width=\\\"15%\\\">搜索论坛：</td>\n<td bgcolor=\\\"$altbg2\\\" width=\\\"35%\\\">$forumselect</td>\n\n<td bgcolor=\\\"$altbg1\\\" width=\\\"15%\\\">时间范围：</td>\n<td bgcolor=\\\"$altbg2\\\" width=\\\"35%\\\"><select name=\\\"srchfrom\\\">\n<option value=\\\"0\\\" selected=\\\"selected\\\">全部时间</option>\n<option value=\\\"86400\\\">1 天以来</option>\n<option value=\\\"172800\\\">2 天以来</option>\n<option value=\\\"432000\\\">1 周以来</option>\n<option value=\\\"1296000\\\">1 个月以来</option>\n<option value=\\\"5184000\\\">3 个月以来</option>\n<option value=\\\"8640000\\\">6 个月以来</option>\n<option value=\\\"31536000\\\">1 年以来</option>\n</select></td>\n</tr>\n\n<tr>\n<td bgcolor=\\\"$altbg1\\\">输出方式：</td>\n<td bgcolor=\\\"$altbg2\\\" colspan=\\\"3\\\"><input type=\\\"radio\\\" name=\\\"dispmode\\\" value=\\\"nav\\\" $navcheck> 页码导航 - 统计全部匹配结果 &nbsp; &nbsp;<input type=\\\"radio\\\" name=\\\"dispmode\\\" value=\\\"gradual\\\" $gradcheck> 渐进链接 - 由链接转入后续结果</td>\n</tr>\n\n</table>\n</td></tr></table><br>\n<center><input type=\\\"submit\\\" name=\\\"searchsubmit\\\" value=\\\"搜  索\\\"></center>\n</form>');
INSERT INTO cdb_templates VALUES('62','member_reg_password','0','<tr>\n<td bgcolor=\\\"$altbg1\\\">密码：</td>\n<td bgcolor=\\\"$altbg2\\\"><input type=\\\"password\\\" name=\\\"password\\\" size=\\\"25\\\"></td>\n</tr>\n\n<tr>\n<td bgcolor=\\\"$altbg1\\\">重复密码：</td>\n<td bgcolor=\\\"$altbg2\\\"><input type=\\\"password\\\" name=\\\"password2\\\" size=\\\"25\\\"></td>\n</tr>');
INSERT INTO cdb_templates VALUES('63','member_reg','0','<form method=\\\"post\\\" action=\\\"member.php?action=reg&referer=$referer\\\">\n<table cellspacing=\\\"0\\\" cellpadding=\\\"0\\\" border=\\\"0\\\" width=\\\"$tablewidth\\\" align=\\\"center\\\">\n<tr><td bgcolor=\\\"$bordercolor\\\">\n\n<table border=\\\"0\\\" cellspacing=\\\"$borderwidth\\\" cellpadding=\\\"$tablespace\\\" width=\\\"100%\\\">\n<tr>\n<td colspan=\\\"2\\\" class=\\\"header\\\">注册 - 以下项目必填</td>\n</tr>\n\n<tr>\n<td bgcolor=\\\"$altbg1\\\" width=\\\"21%\\\">用户名：</td>\n<td bgcolor=\\\"$altbg2\\\"><input type=\\\"text\\\" name=\\\"username\\\" size=\\\"25\\\" maxlength=\\\"25\\\"></td>\n</tr>\n\n$pwtd\n\n<tr>\n<td bgcolor=\\\"$altbg1\\\">Email：</td>\n<td bgcolor=\\\"$altbg2\\\"><input type=\\\"text\\\" name=\\\"email\\\" size=\\\"25\\\"></td>\n</tr>\n\n<tr>\n<td colspan=\\\"2\\\" class=\\\"header\\\">注册 - 以下项目可选</td>\n</tr>\n\n<tr>\n<td bgcolor=\\\"$altbg1\\\">性别：</td>\n<td bgcolor=\\\"$altbg2\\\">\n<input type=\\\"radio\\\" name=\\\"gendernew\\\" value=\\\"1\\\"> 男 &nbsp; \n<input type=\\\"radio\\\" name=\\\"gendernew\\\" value=\\\"2\\\"> 女 &nbsp; \n<input type=\\\"radio\\\" name=\\\"gendernew\\\" value=\\\"0\\\" checked> 不告诉你\n</td></tr>\n\n<tr>\n<td bgcolor=\\\"$altbg1\\\">生日：</td>\n<td bgcolor=\\\"$altbg2\\\">\n<input type=\\\"text\\\" name=\\\"year\\\" size=\\\"4\\\"> 年 \n<select name=\\\"month\\\">\n<option value=\\\"\\\">&nbsp;</option>\n<option value=\\\"1\\\">1</option>\n<option value=\\\"2\\\">2</option>\n<option value=\\\"3\\\">3</option>\n<option value=\\\"4\\\">4</option>\n<option value=\\\"5\\\">5</option>\n<option value=\\\"6\\\">6</option>\n<option value=\\\"7\\\">7</option>\n<option value=\\\"8\\\">8</option>\n<option value=\\\"9\\\">9</option>\n<option value=\\\"10\\\">10</option>\n<option value=\\\"11\\\">11</option>\n<option value=\\\"12\\\">12</option>\n</select> 月 $dayselect 日\n</td></tr>\n\n<tr>\n<td bgcolor=\\\"$altbg1\\\">来自：</td>\n<td bgcolor=\\\"$altbg2\\\"><input type=\\\"text\\\" name=\\\"locationnew\\\" size=\\\"25\\\"></td>\n</tr>\n\n<tr>\n<td bgcolor=\\\"$altbg1\\\">网址：</td>\n<td bgcolor=\\\"$altbg2\\\"><input type=\\\"text\\\" name=\\\"site\\\" size=\\\"25\\\"></td>\n</tr>\n\n<tr>\n<td bgcolor=\\\"$altbg1\\\">OICQ：</td>\n<td bgcolor=\\\"$altbg2\\\"><input type=\\\"text\\\" name=\\\"oicq\\\" size=\\\"25\\\"></td>\n</tr>\n\n<tr>\n<td bgcolor=\\\"$altbg1\\\">ICQ：</td>\n<td bgcolor=\\\"$altbg2\\\"><input type=\\\"text\\\" name=\\\"icq\\\" size=\\\"25\\\"></td>\n</tr>\n\n<tr>\n<td bgcolor=\\\"$altbg1\\\">Yahoo：</td>\n<td bgcolor=\\\"$altbg2\\\"><input type=\\\"text\\\" name=\\\"yahoo\\\" size=\\\"25\\\"></td>\n</tr>\n\n<tr>\n<td bgcolor=\\\"$altbg1\\\">MSN：</td>\n<td bgcolor=\\\"$altbg2\\\"><input type=\\\"text\\\" name=\\\"msn\\\" size=\\\"25\\\"></td>\n</tr>\n\n<tr>\n<td bgcolor=\\\"$altbg1\\\">个人简介：</td>\n<td bgcolor=\\\"$altbg2\\\"><textarea rows=\\\"5\\\" cols=\\\"30\\\" name=\\\"bio\\\"></textarea></td>\n</tr>\n\n<tr>\n<td colspan=\\\"2\\\" class=\\\"header\\\">注册 - 论坛个性化设置</td>\n</tr>\n\n<tr>\n<td bgcolor=\\\"$altbg1\\\">界面方案：</td>\n<td bgcolor=\\\"$altbg2\\\">$themelist</td>\n</tr>\n\n$changecode\n\n<tr>\n<td bgcolor=\\\"$altbg1\\\">每页主题数：</td>\n<td bgcolor=\\\"$altbg2\\\"><input type=\\\"text\\\" name=\\\"tppnew\\\" value=\\\"$topicperpage\\\" size=\\\"4\\\"></td>\n</tr>\n\n<tr>\n<td bgcolor=\\\"$altbg1\\\">每页贴数：</td>\n<td bgcolor=\\\"$altbg2\\\"><input type=\\\"text\\\" name=\\\"pppnew\\\" value=\\\"$postperpage\\\" size=\\\"4\\\"></td>\n</tr>\n\n<tr>\n<td bgcolor=\\\"$altbg1\\\">时间格式：</td>\n<td bgcolor=\\\"$altbg2\\\"><input type=\\\"radio\\\" value=\\\"24\\\" name=\\\"timeformatnew\\\">24 小时制 <input type=\\\"radio\\\" value=\\\"12\\\" name=\\\"timeformatnew\\\" checked=\\\"checked\\\">12 小时制</td>\n</tr>\n\n<tr>\n<td bgcolor=\\\"$altbg1\\\">日期格式(yyyy/mm/dd，mm/dd/yy，等)：</td>\n<td bgcolor=\\\"$altbg2\\\"><input type=\\\"text\\\" name=\\\"dateformatnew\\\" size=\\\"25\\\" value=\\\"$dateformatorig\\\"></td>\n</tr>\n\n$customstatus\n\n<tr>\n<td bgcolor=\\\"$altbg1\\\">其他选项：</td>\n<td bgcolor=\\\"$altbg2\\\">\n<input type=\\\"checkbox\\\" name=\\\"showemail\\\" value=\\\"1\\\" checked=\\\"checked\\\"> Email 地址可见<br>\n<input type=\\\"checkbox\\\" name=\\\"newsletter\\\" value=\\\"1\\\" checked=\\\"checked\\\"> 允许接收论坛通知 (Email 或短消息)<br>\n<input type=\\\"text\\\" name=\\\"timeoffsetnew\\\" value=\\\"$timeoffset\\\" size=\\\"3\\\"> 时间较正(北京时间 +8)，目前GMT标准时间 $currdate<br></td>\n</tr>\n\n$avatarselect\n\n<tr>\n<td bgcolor=\\\"$altbg1\\\">个人签名{$allowmaxsigsize}：<br><br>\n<a href=\\\"faq.php?page=misc#1\\\" target=\\\"_blank\\\">Discuz! 代码</a> 状态 $bbcodeis<br>\n[img]代码 状态 $imgcodeis</td>\n<td bgcolor=\\\"$altbg2\\\"><textarea rows=\\\"4\\\" cols=\\\"30\\\" name=\\\"sig\\\"></textarea></td>\n</tr>\n\n</table>\n</td></tr></table><br>\n<center><input type=\\\"submit\\\" name=\\\"regsubmit\\\" value=\\\"用 户 注 册\\\"></center>\n</form>');
INSERT INTO cdb_templates VALUES('64','member_viewpro_email','0','<tr><td bgcolor=\\\"$altbg1\\\">Email：</td><td bgcolor=\\\"$altbg2\\\"><a href=\\\"mailto:$email\\\">$email</a></td></tr>');

